Daily River Authority trends for Gummanur from 01-Jan-2015 to 11-Jul-2022,,,,,
,,,,,
Dates,Last 10 Year Average (Flow in cumecs),Last Year (Flow in cumecs),Current Year (Flow in cumecs),Level (m),
01-Jan-15,6.47235773,6.455907,6.027,491.33,
02-Jan-15,6.18581249,4.526381,4.927338,491.32,
03-Jan-15,5.42812063,4.5031323,4.983926,491.32,
04-Jan-15,5.53962849,4.5613856,4.659,491.32,
05-Jan-15,6.65711438,5.795,10.058388,491.37,
06-Jan-15,9.81452322,6.520046,9.962192,491.37,
07-Jan-15,9.1818138,7.406451,9.989285,491.37,
08-Jan-15,7.61929087,7.5832334,8.962794,491.36,
09-Jan-15,6.8090954,6.658849,10.130053,491.37,
10-Jan-15,6.16443123,6.564657,10.133195,491.37,
11-Jan-15,5.381344024,2.6180992,9.414,491.37,
12-Jan-15,5.35586929,2.256,9.414293,491.37,
13-Jan-15,6.18929486,3.1010594,9.59543,491.37,
14-Jan-15,6.83937648,2.967,8.6882,491.36,
15-Jan-15,6.50632952,6.5520287,8.787,491.36,
16-Jan-15,6.35559031,6.559462,8.646558,491.36,
17-Jan-15,6.17805766,4.592278,9.779256,491.37,
18-Jan-15,5.444545214,4.6311107,9.414,491.37,
19-Jan-15,5.40996625,3.792,10.219724,491.37,
20-Jan-15,5.204355905,6.450636,9.852981,491.37,
21-Jan-15,4.494088566,3.685774,6.4779096,491.35,
22-Jan-15,2.259207124,4.0388055,4.647166,491.31,
23-Jan-15,2.033428477,4.0530834,3.724156,491.3,
24-Jan-15,2.249891126,4.798141,3.7859488,491.3,
25-Jan-15,2.35765916,4.1611586,3.697,491.3,
26-Jan-15,2.4964,4.732,4.248,491.31,
27-Jan-15,3.12447295,3.2540455,4.5857162,491.31,
28-Jan-15,2.564295915,5.180527,3.881777,491.3,
29-Jan-15,2.42764635,4.9567475,3.9485648,491.3,
30-Jan-15,2.65007765,3.4909725,3.8352134,491.3,
31-Jan-15,2.97185534,3.5582683,3.9072287,491.3,
01-Feb-15,2.88954804,4.509953,3.697,491.3,
02-Feb-15,3.07813096,4.093,4.594198,491.31,
03-Feb-15,2.82620595,3.5281198,4.1660666,491.31,
04-Feb-15,2.61118696,3.7021053,2.7693565,491.29,
05-Feb-15,2.38124576,3.3110006,0.5656145,491.2,
06-Feb-15,2.3401564,2.9787915,2.1198037,491.26,
07-Feb-15,2.49852214,4.9874387,1.9709052,491.25,
08-Feb-15,2.21799872,2.2612398,2.716,491.27,
09-Feb-15,2.42567255,4.405,2.5203059,491.27,
10-Feb-15,2.14846614,5.0665765,2.716,491.27,
11-Feb-15,2.14576956,5.1042366,2.6004593,491.27,
12-Feb-15,2.51470949,4.408498,3.9331365,491.3,
13-Feb-15,2.61059082,3.7066364,2.0566764,491.26,
14-Feb-15,2.740022403,2.2564156,2.5165353,491.27,
15-Feb-15,2.480421241,2.3876445,2.716,491.27,
16-Feb-15,1.65813759,0.756,1.7394,491.24,
17-Feb-15,1.752798905,1.6018147,2.0660486,491.25,
18-Feb-15,1.790316863,1.724744,1.757223,491.24,
19-Feb-15,1.93401346,1.5546141,1.1962334,491.22,
20-Feb-15,2.07545004,1.5765468,1.770901,491.24,
21-Feb-15,1.794879635,0.4051298,1.214932,491.22,
22-Feb-15,1.989229457,0.49093047,0.956,491.22,
23-Feb-15,1.89406213,0.229,1.2109597,491.22,
24-Feb-15,1.84108395,0,0.706,491.21,
25-Feb-15,1.97736134,0,1.0080243,491.22,
26-Feb-15,1.88843132,0,1.8179412,491.24,
27-Feb-15,1.800216424,0.50669044,1.010149,491.22,
28-Feb-15,1.845981003,0,1.0274509,491.22,
01-Mar-15,2.07269903,0.4153352,0.956,491.22,
02-Mar-15,1.781249365,0,2.2416253,491.26,
03-Mar-15,1.577788726,0,2.044947,491.26,
04-Mar-15,1.260233475,0.50431925,2.0313618,491.26,
05-Mar-15,1.298921085,0.6331408,3.493,491.3,
06-Mar-15,1.389330386,0.66058576,4.6033444,491.3,
07-Mar-15,1.413837404,0.187,4.068369,491.29,
08-Mar-15,1.494128224,0.15,5.093,491.32,
09-Mar-15,1.914159285,0,10.752416,491.38,
10-Mar-15,1.360318532,0,3.9045594,491.3,
11-Mar-15,1.088926405,0,3.7212381,491.29,
12-Mar-15,1.3935853,0,6.5752707,491.36,
13-Mar-15,1.442338109,0,4.9371552,491.32,
14-Mar-15,1.185815807,0,3.8555813,491.3,
15-Mar-15,1.000367347,0,3.293,491.29,
16-Mar-15,1.005082412,0,3.7268877,491.29,
17-Mar-15,0.858882527,0,2.3743908,491.27,
18-Mar-15,3.2243375,0,3.7480633,491.29,
19-Mar-15,1.356858196,0,1.7280626,491.25,
20-Mar-15,1.185646125,0,1.0302132,491.24,
21-Mar-15,0.995530857,0,1.0339526,491.24,
22-Mar-15,1.477934595,0.93933105,0.956,491.22,
23-Mar-15,1.353422489,1.669,2.100734,491.25,
24-Mar-15,1.298057288,1.1989578,1.0232681,491.24,
25-Mar-15,1.185837534,0.98232263,0.7520021,491.22,
26-Mar-15,0.763979855,0.99180615,0.57606727,491.2,
27-Mar-15,1.031103641,0,0.59121263,491.21,
28-Mar-15,1.658694931,0,0.5953748,491.21,
29-Mar-15,4.791430306,0,0.484,491.2,
30-Mar-15,4.22472961,0,0.208,491.19,
31-Mar-15,1.791607675,0,0.208,491.19,
01-Apr-15,2.265989653,0,0.208,491.19,
02-Apr-15,2.204949383,0,1.525,491.24,
03-Apr-15,2.269379445,0,0.956,491.22,
04-Apr-15,1.366945601,0,3.180959,491.29,
05-Apr-15,3.1282014,0,2.716,491.27,
06-Apr-15,2.13281201,0,2.551694,491.27,
07-Apr-15,2.134841674,1.0674268,2.1361775,491.27,
08-Apr-15,0.92642552,1.3423468,1.7183833,491.25,
09-Apr-15,0.781116414,1.3962078,1.8570162,491.26,
10-Apr-15,0.70864863,1.9792678,1.374,491.24,
11-Apr-15,0.803526616,2.6828153,0.956,491.22,
12-Apr-15,0.790395842,2.6941993,2.007,491.25,
13-Apr-15,0.80698293,1.667,4.6542373,491.31,
14-Apr-15,0.867516247,1.76,4.117,491.31,
15-Apr-15,0.99030417,1.960155,5.013178,491.32,
16-Apr-15,1.031520754,1.8022261,5.075237,491.32,
17-Apr-15,1.631924181,1.8027949,10.690995,491.37,
18-Apr-15,1.94885046,1.76,14.562153,491.39,
19-Apr-15,5.919934394,1.8509524,46.24,491.53,
20-Apr-15,5.685008706,1.491,46.231823,491.51,
21-Apr-15,2.250477985,0.9094618,14.673238,491.39,
22-Apr-15,1.716559615,1.1244962,6.6320734,491.36,
23-Apr-15,1.70344581,1.0607347,9.773812,491.37,
24-Apr-15,2.86306721,1.172,6.5083914,491.34,
25-Apr-15,2.9927774,0.9387413,5.173906,491.33,
26-Apr-15,4.18751733,0.9697295,18.08,491.42,
27-Apr-15,6.18688604,1.099,25.319328,491.46,
28-Apr-15,5.526173484,0.66549844,25.996813,491.46,
29-Apr-15,5.621568606,0.65597546,25.607002,491.46,
30-Apr-15,5.827969106,0.66930646,27.584085,491.47,
01-May-15,5.970272913,0.43592763,18.52748,491.42,
02-May-15,7.00899942,0.12,11.506978,491.38,
03-May-15,4.98298709,0,10.75,491.38,
04-May-15,5.44625254,0,18.08,491.42,
05-May-15,5.072040473,0.51120573,9.683185,491.37,
06-May-15,5.054783692,0,8.848364,491.36,
07-May-15,5.695433915,0.93427175,9.576984,491.37,
08-May-15,4.43647699,2.6159818,8.6523695,491.36,
09-May-15,4.14387254,2.968,7.9650984,491.36,
10-May-15,3.27606446,2.968,7.611,491.35,
11-May-15,3.17254834,1.953,4.9371552,491.33,
12-May-15,2.97904405,1.9843194,4.215553,491.31,
13-May-15,2.7675143,1.9926525,4.6632376,491.32,
14-May-15,2.521236107,0.834,4.655056,491.32,
15-May-15,3.82472417,0.9974562,4.335443,491.32,
16-May-15,4.71184001,1.326,4.3899655,491.32,
17-May-15,5.104559357,0.66283697,6.531,491.34,
18-May-15,5.78035625,0.962,13.401986,491.39,
19-May-15,7.39408994,2.531396,21.591436,491.44,
20-May-15,8.54356027,2.7989004,27.762657,491.49,
21-May-15,8.78288679,2.8684983,25.040648,491.46,
22-May-15,11.02399102,2.5549812,24.837479,491.46,
23-May-15,10.14908414,5.5039973,10.306688,491.37,
24-May-15,7.11988768,5.467921,7.611,491.35,
25-May-15,7.48780754,3.582,9.634462,491.37,
26-May-15,7.27520564,8.690592,9.567727,491.37,
27-May-15,7.72215777,6.8847947,4.3853827,491.32,
28-May-15,8.23583215,8.893129,4.502238,491.33,
29-May-15,6.14941985,10.312763,4.0381284,491.32,
30-May-15,5.07244735,10.619662,4.5142713,491.33,
31-May-15,5.88957627,10.838456,8.787,491.36,
01-Jun-15,7.80005952,12.02,24.124166,491.46,
02-Jun-15,11.66015825,11.030126,26.554302,491.48,
03-Jun-15,16.43320844,44.98298,46.78855,491.51,
04-Jun-15,16.27126834,26.04581,42.32235,491.5,
05-Jun-15,16.50651698,32.415318,25.707975,491.47,
06-Jun-15,12.37524097,34.890965,15.145685,491.41,
07-Jun-15,10.82947939,32.19617,14.22,491.4,
08-Jun-15,9.771176395,27.84,15.635932,491.42,
09-Jun-15,8.97823579,30.296368,17.383564,491.43,
10-Jun-15,9.30378029,32.142307,15.019879,491.4,
11-Jun-15,10.72724824,28.040253,13.847575,491.39,
12-Jun-15,8.35283852,25.506428,13.8373575,491.39,
13-Jun-15,7.28709131,19.915112,13.747446,491.39,
14-Jun-15,6.57351386,18.807793,12.65,491.39,
15-Jun-15,9.78428039,17.84,11.038919,491.38,
16-Jun-15,9.94191152,18.603493,13.000351,491.39,
17-Jun-15,11.72685262,17.547901,13.774195,491.39,
18-Jun-15,8.085988,12.814347,11.151083,491.38,
19-Jun-15,7.81797627,9.955187,13.106119,491.39,
20-Jun-15,8.12614442,8.848162,15.555607,491.41,
21-Jun-15,6.65379465,6.8035355,15.05,491.4,
22-Jun-15,7.55205297,2.016,12.866673,491.39,
23-Jun-15,6.7159502,1.1497121,12.154595,491.38,
24-Jun-15,4.19310267,1.2445837,13.286769,491.39,
25-Jun-15,4.567791154,1.1441653,11.891614,491.38,
26-Jun-15,5.15629495,0.201,5.709081,491.35,
27-Jun-15,3.693695665,0.201,5.7340536,491.33,
28-Jun-15,6.04829843,0.038,4.48,491.32,
29-Jun-15,5.61632272,0,4.3325987,491.31,
30-Jun-15,5.48603457,0,4.5531282,491.32,
01-Jul-15,5.88563344,3.86374,4.596267,491.32,
02-Jul-15,4.878978356,0.8240378,4.304696,491.31,
03-Jul-15,4.87248909,0.022,4.3522444,491.31,
04-Jul-15,3.64731819,2.5484827,4.4036036,491.31,
05-Jul-15,4.43243517,9.596607,4.544,491.31,
06-Jul-15,5.06619312,21.29,3.8894036,491.3,
07-Jul-15,4.808642594,18.373096,3.906418,491.3,
08-Jul-15,5.49099587,19.00813,3.8088868,491.3,
09-Jul-15,4.21929624,7.936515,4.614118,491.3,
10-Jul-15,3.37110558,5.8694606,4.629799,491.3,
11-Jul-15,2.762158286,6.2638025,4.649576,491.3,
12-Jul-15,4.97766413,5.953927,3.866,491.3,
13-Jul-15,2.84462672,5.035,5.1518087,491.31,
14-Jul-15,2.48811847,5.984141,2.6110477,491.29,
15-Jul-15,2.07180783,4.9704123,4.357123,491.3,
16-Jul-15,2.617425877,4.758888,4.4029922,491.31,
17-Jul-15,3.44206494,4.9057894,9.990729,491.37,
18-Jul-15,3.49696056,5.7148943,7.905,491.35,
19-Jul-15,10.77874958,4.3806353,6.964,491.34,
20-Jul-15,6.10337751,4.13,5.723136,491.34,
21-Jul-15,3.714067997,5.039168,5.7009196,491.34,
22-Jul-15,5.827172249,4.3684773,6.6527567,491.35,
23-Jul-15,8.17063736,5.6605396,22.20671,491.44,
24-Jul-15,8.46035094,5.7421694,21.64383,491.44,
25-Jul-15,11.59574645,5.832018,21.428541,491.44,
26-Jul-15,6.10716873,4.81977,15.03,491.41,
27-Jul-15,7.08363983,5.361,14.953522,491.4,
28-Jul-15,6.55573152,0.8541796,11.711553,491.38,
29-Jul-15,12.00858169,1.662,3.3791575,491.3,
30-Jul-15,5.77944411,1.2086481,5.868166,491.34,
31-Jul-15,3.9249022,0.022,5.386511,491.33,
01-Aug-15,4.29230344,9.678125,6.706147,491.35,
02-Aug-15,4.44737573,10.423419,7.905,491.35,
03-Aug-15,5.15181423,8.847,4.6333513,491.31,
04-Aug-15,6.07969323,10.483375,4.8916883,491.31,
05-Aug-15,5.31162071,5.844137,3.9253597,491.31,
06-Aug-15,3.62001386,1.2497637,3.7509222,491.3,
07-Aug-15,2.840917305,0.69082475,3.5901537,491.29,
08-Aug-15,3.65249155,0.7022358,9.495716,491.37,
09-Aug-15,3.85031442,1.1099813,13.66,491.4,
10-Aug-15,5.06214032,1.348,16.164824,491.42,
11-Aug-15,4.00287165,0.7852321,12.42902,491.38,
12-Aug-15,2.381257965,0.73734295,11.090494,491.38,
13-Aug-15,2.21620803,0.535,8.585802,491.36,
14-Aug-15,4.02533444,0.453,8.675457,491.36,
15-Aug-15,5.6564,3.583,8.911,491.36,
16-Aug-15,7.56298301,3.851,15.03,491.41,
17-Aug-15,7.72663027,5.361,20.383757,491.44,
18-Aug-15,9.29794204,4.5745134,16.340569,491.42,
19-Aug-15,12.39877716,10.559977,11.3831215,491.38,
20-Aug-15,13.30803814,6.9424314,40.255547,491.5,
21-Aug-15,16.1191371,5.758838,40.60283,491.5,
22-Aug-15,15.20434477,4.2675962,34.338963,491.49,
23-Aug-15,12.34304046,4.8678036,20.82,491.44,
24-Aug-15,11.04433513,5.699,16.381596,491.42,
25-Aug-15,8.78674139,6.5085325,14.992257,491.42,
26-Aug-15,8.08086657,4.2713447,11.3757925,491.38,
27-Aug-15,11.14751832,4.9629154,10.230925,491.38,
28-Aug-15,11.1982392,11.158585,11.016521,491.38,
29-Aug-15,15.8181331,8.847,10.31219,491.38,
30-Aug-15,18.32878608,9.396183,10.86,491.38,
31-Aug-15,16.76249226,7.983,11.049097,491.38,
01-Sep-15,15.184201,6.855725,10.261194,491.38,
02-Sep-15,7.33863463,5.007406,4.22175,491.31,
03-Sep-15,13.85838253,3.9409935,3.3684306,491.3,
04-Sep-15,16.45020772,0.66735256,5.8726697,491.34,
05-Sep-15,14.72322373,0.156,5.8855443,491.34,
06-Sep-15,14.05003641,0.201,14.35,491.4,
07-Sep-15,14.1099721,0.453,16.075197,491.44,
08-Sep-15,18.2114655,0.8464155,78.884995,491.68,
09-Sep-15,14.04706982,0,78.29506,491.67,
10-Sep-15,12.94607176,0,62.610523,491.56,
11-Sep-15,14.67598215,0,67.14294,491.58,
12-Sep-15,11.84206794,0,40.35408,491.5,
13-Sep-15,11.79907817,0,23.97,491.45,
14-Sep-15,10.15266722,2.411,11.470553,491.38,
15-Sep-15,19.80324892,1.9618347,9.565463,491.37,
16-Sep-15,31.96403094,3.327,7.6658244,491.36,
17-Sep-15,20.77704513,5.8395753,7.396,491.36,
18-Sep-15,11.41716701,1.205,6.8327446,491.35,
19-Sep-15,12.77339737,5.6193037,6.663117,491.35,
20-Sep-15,9.762050845,5.035,8.011,491.36,
21-Sep-15,10.43634348,6.049,9.497447,491.37,
22-Sep-15,14.94241296,4.499149,7.363176,491.36,
23-Sep-15,13.42600824,6.1344213,11.064547,491.38,
24-Sep-15,12.30431752,15.616309,10.76,491.38,
25-Sep-15,13.63621384,13.196934,22.309372,491.46,
26-Sep-15,9.70055366,4.907,16.23314,491.44,
27-Sep-15,9.56814086,9.831758,22.83,491.44,
28-Sep-15,11.8184931,21.87,22.435371,491.46,
29-Sep-15,14.59843535,55.79239,22.71464,491.46,
30-Sep-15,13.0252508,43.95127,40.305557,491.5,
01-Oct-15,11.24213512,29.801653,42.921883,491.51,
02-Oct-15,11.8838,31.13,38.47,491.5,
03-Oct-15,11.77407804,31.13,39.830517,491.5,
04-Oct-15,9.71014883,17.419897,21.73,491.44,
05-Oct-15,13.08357271,9.322,60.26851,491.56,
06-Oct-15,10.46730699,3.352,40.06689,491.5,
07-Oct-15,10.71837465,14.9402075,40.600433,491.5,
08-Oct-15,18.08868824,31.587322,67.41023,491.58,
09-Oct-15,22.52018481,75.41062,60.450935,491.56,
10-Oct-15,21.41549316,78.45249,39.650887,491.5,
11-Oct-15,23.33563979,78.27479,37,491.5,
12-Oct-15,25.7409325,55.7,81.29,491.62,
13-Oct-15,23.5094926,50.38,40.614143,491.5,
14-Oct-15,16.69050176,24.351416,16.23441,491.44,
15-Oct-15,11.2545829,24.040659,14.3245735,491.41,
16-Oct-15,10.56783135,22.190166,7.246493,491.35,
17-Oct-15,11.88567631,14.930198,9.580917,491.37,
18-Oct-15,11.01277961,15.059117,8.011,491.36,
19-Oct-15,11.43101922,13.87,7.4584217,491.36,
20-Oct-15,10.71205653,15.600008,7.541546,491.36,
21-Oct-15,12.11075671,23.939732,2.329,491.3,
22-Oct-15,11.7652853,20.92,1.736,491.29,
23-Oct-15,12.2992617,15.634369,1.736,491.29,
24-Oct-15,14.77379032,13.482918,1.474,491.29,
25-Oct-15,14.52749743,24.709103,2.663,491.31,
26-Oct-15,18.25228515,34.48,7.287957,491.36,
27-Oct-15,18.42487767,67.07735,7.418529,491.36,
28-Oct-15,20.55076493,88.63618,7.6354246,491.36,
29-Oct-15,18.780876,75.1035,9.667193,491.37,
30-Oct-15,17.58432776,68.616806,9.5234585,491.37,
31-Oct-15,17.7264177,68.41064,10.586035,491.38,
01-Nov-15,15.1438802,18.165953,13.95,491.4,
02-Nov-15,18.2628608,25.84,27.958498,491.49,
03-Nov-15,16.30628204,25.555721,16.235172,491.44,
04-Nov-15,15.48297456,12.29,45.018147,491.52,
05-Nov-15,20.65700625,14.248314,73.22845,491.6,
06-Nov-15,21.3818312,17.27,71.47314,491.67,
07-Nov-15,18.4971132,10.919622,65.967285,491.58,
08-Nov-15,15.35336293,11.047472,31.7,491.48,
09-Nov-15,13.76248131,6.674,22.77234,491.46,
10-Nov-15,24.00831983,9.67371,125.4,491.76,
11-Nov-15,17.23448817,9.84726,74.86102,491.66,
12-Nov-15,16.03381618,9.604296,69.28963,491.59,
13-Nov-15,15.41668617,10.799578,75.071365,491.65,
14-Nov-15,13.81956436,15.169397,66.64384,491.62,
15-Nov-15,14.99775099,18.2365,64.31,491.6,
16-Nov-15,12.89419347,22.84,44.761444,491.52,
17-Nov-15,11.80603214,22.303255,42.69264,491.51,
18-Nov-15,10.88322383,24.113064,27.886951,491.49,
19-Nov-15,12.82211592,16.3574,42.740826,491.51,
20-Nov-15,13.23311512,15.673307,41.232063,491.51,
21-Nov-15,14.67070574,10.099947,60.450935,491.56,
22-Nov-15,12.78909496,10.464203,52.18,491.56,
23-Nov-15,14.76365516,10.77,50.34724,491.54,
24-Nov-15,13.63828533,10.516989,60.450935,491.56,
25-Nov-15,12.46872984,10.549745,53.63,491.56,
26-Nov-15,12.68082563,10.766355,46.26901,491.53,
27-Nov-15,13.85935574,10.445607,40.227932,491.5,
28-Nov-15,13.4678184,8.96812,33.785618,491.49,
29-Nov-15,12.09839548,9.01545,31.7,491.48,
30-Nov-15,10.43343571,10.77,23.739323,491.47,
01-Dec-15,9.77399489,16.184702,25.74195,491.48,
02-Dec-15,10.0422378,15.80904,27.959953,491.48,
03-Dec-15,10.32511096,17.568441,28.766478,491.48,
04-Dec-15,9.53024887,17.380611,25.395119,491.48,
05-Dec-15,8.71761396,16.016602,22.929285,491.46,
06-Dec-15,8.223851437,16.102825,22.27,491.46,
07-Dec-15,7.73785517,15.38,23.0163,491.46,
08-Dec-15,8.18703015,15.07977,20.940208,491.45,
09-Dec-15,8.45922684,14.438328,15.79382,491.44,
10-Dec-15,8.89473634,13.518972,21.399422,491.45,
11-Dec-15,7.36440643,9.270414,14.763392,491.44,
12-Dec-15,7.47254719,20.918858,10.986817,491.38,
13-Dec-15,6.40899602,7.75322,10.65,491.4,
14-Dec-15,5.99081098,6.027,14.229854,491.41,
15-Dec-15,5.41163181,7.8033075,14.084935,491.41,
16-Dec-15,5.3893909,4.9712143,9.923451,491.4,
17-Dec-15,5.70367273,4.648806,14.719641,491.44,
18-Dec-15,6.24327327,3.1283758,12.819295,491.43,
19-Dec-15,6.26808129,3.1856294,15.56902,491.44,
20-Dec-15,6.94455028,4.674865,12.78,491.42,
21-Dec-15,6.17040081,3.096,12.492791,491.42,
22-Dec-15,5.91066703,2.6774967,11.362778,491.41,
23-Dec-15,4.09137565,2.0854702,9.85209,491.4,
24-Dec-15,5.48195332,9.414133,12.23,491.42,
25-Dec-15,5.2719,9.414,11.69,491.41,
26-Dec-15,5.22484397,9.5850525,9.82961,491.4,
27-Dec-15,5.42788509,8.786135,10.65,491.4,
28-Dec-15,5.50491776,8.787,10.055468,491.4,
29-Dec-15,5.54568115,10.724132,11.827685,491.41,
30-Dec-15,4.30535284,5.115186,9.219268,491.38,
31-Dec-15,4.94800464,5.0883923,9.778362,491.39,125.4
01-Jan-16,4.71553963,6.027,10.971819,491.4,
02-Jan-16,4.00026989,4.927338,9.794574,491.39,
03-Jan-16,4.31212063,4.983926,10.65,491.4,
04-Jan-16,4.40016809,4.659,9.395396,491.39,
05-Jan-16,5.45702068,10.058388,9.129063,491.39,
06-Jan-16,8.42469622,9.962192,8.85173,491.38,
07-Jan-16,7.2045143,9.989285,8.767005,491.38,
08-Jan-16,5.75704397,8.962794,9.037531,491.38,
09-Jan-16,5.4492778,10.130053,9.151824,491.39,
10-Jan-16,4.84473123,10.133195,9.203,491.38,
11-Jan-16,3.765287024,9.414,8.96943,491.38,
12-Jan-16,3.82618756,9.414293,6.1631827,491.35,
13-Jan-16,4.3600369,9.59543,6.1074204,491.34,
14-Jan-16,5.13616308,8.6882,6.487866,491.35,
15-Jan-16,4.70622952,8.787,5.919,491.35,
16-Jan-16,4.80941851,8.646558,8.938282,491.38,
17-Jan-16,4.65835766,9.779256,9.203,491.38,
18-Jan-16,4.225739814,9.414,8.941946,491.38,
19-Jan-16,4.22692385,10.219724,8.959576,491.38,
20-Jan-16,4.188269705,9.852981,10.709138,491.36,
21-Jan-16,3.411400516,6.4779096,10.9631195,491.36,
22-Jan-16,3.118384424,4.647166,11.552773,491.37,
23-Jan-16,2.690972377,3.724156,10.526439,491.36,
24-Jan-16,2.839891126,3.7859488,9.875,491.35,
25-Jan-16,2.99525376,3.697,10.256946,491.35,
26-Jan-16,3.0866,4.248,9.875,491.35,
27-Jan-16,3.79856335,4.5857162,10.720904,491.35,
28-Jan-16,3.171770915,3.881777,10.04575,491.35,
29-Jan-16,3.23428635,3.9485648,12.0394,491.38,
30-Jan-16,3.66845165,3.8352134,12.20274,491.38,
31-Jan-16,3.93905534,3.9072287,14.53,491.38,
01-Feb-16,3.71225124,3.697,10.830032,491.36,
02-Feb-16,3.51493096,4.594198,6.222,491.32,
03-Feb-16,3.21460595,4.1660666,5.706,491.31,
04-Feb-16,3.05208696,2.7693565,6.222,491.32,
05-Feb-16,2.87770136,0.5656145,7.286556,491.33,
06-Feb-16,2.8861247,2.1198037,7.259683,491.33,
07-Feb-16,3.24492214,1.9709052,9.875,491.35,
08-Feb-16,3.11287242,2.716,10.756737,491.35,
09-Feb-16,2.825,2.5203059,7.4362745,491.33,
10-Feb-16,2.52269434,2.716,7.374282,491.33,
11-Feb-16,2.50434061,2.6004593,7.3097105,491.33,
12-Feb-16,2.83411359,3.9331365,6.896041,491.32,
13-Feb-16,3.17673937,2.0566764,7.4394855,491.33,
14-Feb-16,3.099122403,2.5165353,9.197,491.35,
15-Feb-16,2.841503141,2.716,7.393819,491.33,
16-Feb-16,2.23238465,1.7394,7.6594706,491.33,
17-Feb-16,1.939841285,2.0660486,3.6864238,491.29,
18-Feb-16,2.034020523,1.757223,4.1720366,491.31,
19-Feb-16,2.14215623,1.1962334,4.2114277,491.31,
20-Feb-16,2.31524714,1.770901,4.219971,491.31,
21-Feb-16,2.350079635,1.214932,7.33,491.33,
22-Feb-16,2.984014957,0.956,11.563855,491.37,
23-Feb-16,2.66489353,1.2109597,10.743314,491.35,
24-Feb-16,2.28144625,0.706,6.176623,491.32,
25-Feb-16,1.95385199,1.0080243,4.9669065,491.3,
26-Feb-16,1.9913696,1.8179412,5.0023828,491.3,
27-Feb-16,1.990914554,1.010149,3.6849813,491.29,
28-Feb-16,1.788281003,1.0274509,3.139,491.29,
29-Feb-16,1.721043073,1.0274509,2.4666207,491.29,
01-Mar-16,2.30270253,0.956,5.032035,491.3,
02-Mar-16,1.988460995,2.2416253,3.8501163,491.3,
03-Mar-16,2.570793026,2.044947,10.688043,491.35,
04-Mar-16,2.045740675,2.0313618,10.613072,491.35,
05-Mar-16,2.138472235,3.493,10.1735115,491.35,
06-Mar-16,1.969630386,4.6033444,8.541,491.35,
07-Mar-16,2.038066204,4.068369,10.328288,491.35,
08-Mar-16,1.877380854,5.093,7.5355263,491.34,
09-Mar-16,2.283818325,10.752416,6.3875904,491.33,
10-Mar-16,1.573727762,3.9045594,4.7000923,491.3,
11-Mar-16,1.395395805,3.7212381,4.680694,491.3,
12-Mar-16,1.65340333,6.5752707,3.7861803,491.29,
13-Mar-16,1.321238109,4.9371552,3.647,491.28,
14-Mar-16,1.027545167,3.8555813,2.8842936,491.29,
15-Mar-16,1.024443077,3.293,3.8777573,491.3,
16-Mar-16,1.193481712,3.7268877,4.446993,491.3,
17-Mar-16,1.144129797,2.3743908,4.6294727,491.31,
18-Mar-16,3.24703147,3.7480633,3.8489397,491.3,
19-Mar-16,2.265986496,1.7280626,12.052283,491.38,
20-Mar-16,1.617846125,1.0302132,9.44,491.36,
21-Mar-16,1.877740257,1.0339526,11.320094,491.35,
22-Mar-16,2.700073795,0.956,13.837392,491.4,
23-Mar-16,2.604180289,2.100734,14.970578,491.43,
24-Mar-16,2.586444688,1.0232681,16.652874,491.44,
25-Mar-16,3.076937534,0.7520021,19.72,491.45,
26-Mar-16,3.243008055,0.57606727,25.087282,491.47,
27-Mar-16,3.163403641,0.59121263,21.62,491.46,
28-Mar-16,3.765131331,0.5953748,21.418364,491.45,
29-Mar-16,6.828376506,0.484,20.856462,491.44,
30-Mar-16,5.78453011,0.208,15.952005,491.43,
31-Mar-16,3.018727475,0.208,12.568198,491.38,
01-Apr-16,3.028310153,0.208,11.325205,491.36,
02-Apr-16,2.811719183,1.525,9.028698,491.34,
03-Apr-16,2.721979445,0.956,7.263,491.33,
04-Apr-16,2.257716201,3.180959,11.229706,491.36,
05-Apr-16,4.009133,2.716,10.425316,491.35,
06-Apr-16,2.79271281,2.551694,7.787008,491.33,
07-Apr-16,2.221314984,2.1361775,0.9637331,491.22,
08-Apr-16,0.92562552,1.7183833,0,491.03,
09-Apr-16,0.778616414,1.8570162,0,490.93,
10-Apr-16,0.69874863,1.374,0,490.9,
11-Apr-16,0.861034506,0.956,1.8970789,491.25,
12-Apr-16,1.217434122,2.007,5.0023828,491.31,
13-Apr-16,1.45712003,4.6542373,7.191371,491.32,
14-Apr-16,1.479316247,4.117,6.858,491.32,
15-Apr-16,1.6479016,5.013178,7.2689743,491.32,
16-Apr-16,1.615870114,5.075237,6.4074936,491.31,
17-Apr-16,2.008424181,10.690995,4.971,491.3,
18-Apr-16,2.30435046,14.562153,4.626,491.3,
19-Apr-16,6.054619154,46.24,4.9638476,491.3,
20-Apr-16,5.863608706,46.231823,4.626,491.3,
21-Apr-16,2.698470525,14.673238,5.0289254,491.31,
22-Apr-16,1.947433915,6.6320734,4.815743,491.3,
23-Apr-16,2.04724581,9.773812,4.626,491.3,
24-Apr-16,2.53966721,6.5083914,2.237,491.25,
25-Apr-16,3.59011875,5.173906,7.2104135,491.32,
26-Apr-16,4.65185051,18.08,5.0283318,491.31,
27-Apr-16,6.8323474,25.319328,6.7516136,491.31,
28-Apr-16,5.541870207,25.996813,0.96196723,491.22,
29-Apr-16,5.359260206,25.607002,1.037916,491.23,
30-Apr-16,5.531869106,27.584085,0,491.12,
01-May-16,6.192372913,18.52748,2.768,491.26,
02-May-16,7.30469942,11.506978,3.342,491.27,
03-May-16,4.94588709,10.75,0.471,491.21,
04-May-16,5.37045254,18.08,0,491.01,
05-May-16,4.989940473,9.683185,0,490.91,
06-May-16,5.016283692,8.848364,0,490.88,
07-May-16,5.656933915,9.576984,0,491.05,
08-May-16,4.58217699,8.6523695,1.754,491.25,
09-May-16,4.18982224,7.9650984,1.023497,491.23,
10-May-16,3.28776446,7.611,0.471,491.21,
11-May-16,3.15014834,4.9371552,0.073,491.19,
12-May-16,2.52404405,4.215553,0,491.12,
13-May-16,2.4232143,4.6632376,0,490.95,
14-May-16,2.343436107,4.655056,0,490.87,
15-May-16,2.95732417,4.335443,0,490.81,
16-May-16,3.48984001,4.3899655,0,490.78,
17-May-16,4.094559357,6.531,0,490.74,
18-May-16,4.81945625,13.401986,0,490.82,
19-May-16,6.61438994,21.591436,0,491.06,
20-May-16,9.19586577,27.762657,16.132055,491.45,
21-May-16,8.85868679,25.040648,8.986,491.35,
22-May-16,12.92799102,24.837479,23.59,491.48,
23-May-16,12.25468604,10.306688,23.723019,491.47,
24-May-16,9.76886328,7.611,28.464756,491.49,
25-May-16,9.36777264,9.634462,21.766651,491.44,
26-May-16,8.35172924,9.567727,13.439236,491.43,
27-May-16,8.82710047,4.3853827,12.826427,491.41,
28-May-16,9.22747875,4.502238,14.171466,491.42,
29-May-16,7.70291985,4.0381284,16.72,491.43,
30-May-16,6.07649115,4.5142713,10.583438,491.39,
31-May-16,6.85047077,8.787,9.736945,491.38,
01-Jun-16,8.85808922,24.124166,10.580297,491.39,
02-Jun-16,11.03935745,26.554302,9.611992,491.38,
03-Jun-16,17.3024194,46.78855,9.601332,491.38,
04-Jun-16,17.24801234,42.32235,11.29944,491.39,
06-Jun-16,13.77435903,15.145685,15.232107,491.43,
07-Jun-16,10.82887019,14.22,13.473908,491.42,
08-Jun-16,11.7586973,15.635932,23.787209,491.48,
09-Jun-16,11.03211019,17.383564,23.801744,491.48,
10-Jun-16,11.33725579,15.019879,26.654755,491.48,
11-Jun-16,12.56477014,13.847575,22.640219,491.47,
13-Jun-16,9.41151331,13.747446,21.87722,491.46,
14-Jun-16,8.46512016,12.65,19.419678,491.44,
15-Jun-16,10.99089769,11.038919,13.088173,491.41,
16-Jun-16,10.51200452,13.000351,11.35193,491.39,
17-Jun-16,11.50332872,13.774195,9.814761,491.38,
18-Jun-16,8.263248,11.151083,9.0606,491.38,
20-Jun-16,8.92019082,15.555607,21.420464,491.45,
21-Jun-16,7.00927155,15.05,12.456769,491.4,
22-Jun-16,6.93864747,12.866673,11.365945,491.39,
23-Jun-16,8.0951198,12.154595,22.132696,491.44,
24-Jun-16,6.18862007,13.286769,23.867174,491.44,
25-Jun-16,6.665384454,11.891614,24.087933,491.47,
27-Jun-16,5.666347865,5.7340536,21.901522,491.44,
28-Jun-16,6.69980779,4.48,13.368758,491.41,
29-Jun-16,6.02457252,4.3325987,9.952498,491.38,
30-Jun-16,5.83657757,4.5531282,11.30843,491.39,
01-Jul-16,6.27821284,4.596267,9.795794,491.38,
02-Jul-16,5.636598556,4.304696,8.598202,491.38,
04-Jul-16,3.66696123,4.4036036,0.6314304,491.19,
18-Jul-16,3.35190186,7.905,2.128413,491.27,
19-Jul-16,9.131891784,6.964,1.031422,491.23,
20-Jul-16,5.821224556,5.723136,0.92147046,491.21,
21-Jul-16,3.753704472,5.7009196,0.92436475,491.21,
22-Jul-16,5.908451855,6.6527567,0.97879606,491.22,
23-Jul-16,8.229993145,22.20671,0.62955785,491.19,
25-Jul-16,12.23635055,21.428541,9.091041,491.38,
26-Jul-16,8.31562808,15.03,24.385904,491.47,
27-Jul-16,14.10747883,14.953522,71.26039,491.88,
28-Jul-16,10.21250682,11.711553,41.594753,491.51,
29-Jul-16,14.70547029,3.3791575,28.914886,491.54,
30-Jul-16,10.06364511,5.868166,57.46201,491.78,
01-Aug-16,9.58757704,6.706147,53.118736,491.63,
02-Aug-16,6.90406003,7.905,24.566843,491.47,
03-Aug-16,7.38200303,4.6333513,22.301888,491.46,
04-Aug-16,6.93055763,4.8916883,13.535644,491.41,
05-Aug-16,6.38425431,3.9253597,11.606336,491.39,
06-Aug-16,4.71571606,3.7509222,11.392022,491.39,
08-Aug-16,4.48472185,9.495716,10.268303,491.34,
09-Aug-16,4.71107112,13.66,8.627567,491.32,
10-Aug-16,5.85714397,16.164824,7.9500365,491.32,
11-Aug-16,4.48436908,12.42902,7.4999743,491.31,
12-Aug-16,2.908376765,11.090494,7.956188,491.32,
13-Aug-16,2.88579443,8.585802,8.641864,491.32,
16-Aug-16,8.52479481,15.03,10.251118,491.34,
17-Aug-16,8.42435227,20.383757,10.24022,491.34,
18-Aug-16,10.22904094,16.340569,10.332989,491.34,
19-Aug-16,13.23727176,11.3831215,8.819946,491.32,
20-Aug-16,14.16092674,40.255547,8.564886,491.32,
22-Aug-16,14.71711997,34.338963,8.607752,491.32,
23-Aug-16,12.86065006,20.82,10.204138,491.34,
24-Aug-16,11.62891993,16.381596,8.810848,491.33,
26-Aug-16,8.91889957,11.3757925,10.32633,491.34,
27-Aug-16,12.19796782,10.230925,11.526495,491.35,
29-Aug-16,16.4771004,10.31219,10.168673,491.34,
30-Aug-16,18.99368863,10.86,9.939422,491.34,
31-Aug-16,17.73782466,11.049097,12.438324,491.38,
01-Sep-16,15.9901425,10.261194,11.971415,491.38,
02-Sep-16,8.30600413,4.22175,11.619695,491.37,
03-Sep-16,14.81602593,3.3684306,12.839434,491.39,
06-Sep-16,15.05718164,14.35,12.843775,491.39,
07-Sep-16,14.9225228,16.075197,10.071507,491.34,
08-Sep-16,18.7155376,78.884995,8.952721,491.33,
09-Sep-16,14.60886122,78.29506,8.880914,491.33,
10-Sep-16,13.26044996,62.610523,8.170782,491.32,
14-Sep-16,11.11753132,11.470553,13.560641,491.41,
15-Sep-16,20.47367632,9.565463,9.967274,491.34,
16-Sep-16,31.72695591,7.6658244,2.2662497,491.27,
17-Sep-16,21.46844159,7.396,7.5469646,491.31,
19-Sep-16,13.51077573,6.663117,7.3737836,491.31,
20-Sep-16,10.63976324,8.011,10.038124,491.34,
21-Sep-16,11.22470018,9.497447,11.462567,491.35,
22-Sep-16,15.86791966,7.363176,12.220067,491.38,
23-Sep-16,14.26843674,11.064547,12.003285,491.37,
24-Sep-16,12.76400422,10.76,8.175867,491.32,
26-Sep-16,10.1440222,16.23314,7.3996854,491.31,
27-Sep-16,10.24884606,22.83,7.056052,491.31,
28-Sep-16,12.41935478,22.435371,7.0306168,491.31,
29-Sep-16,15.36463745,22.71464,8.295021,491.32,
30-Sep-16,13.8538676,40.305557,8.721168,491.32,
01-Oct-16,11.91162935,42.921883,7.7169423,491.31,
03-Oct-16,12.17831214,39.830517,8.307341,491.32,
04-Oct-16,10.32451387,21.73,8.840516,491.33,
05-Oct-16,13.74464601,60.26851,8.556733,491.32,
06-Oct-16,11.24851319,40.06689,7.812062,491.31,
07-Oct-16,11.43998165,40.600433,7.22607,491.31,
08-Oct-16,18.39705764,67.41023,7.348694,491.31,
10-Oct-16,21.50825656,39.650887,7.481634,491.31,
13-Oct-16,24.2766427,40.614143,11.936501,491.37,
14-Oct-16,17.34782656,16.23441,10.838248,491.35,
15-Oct-16,12.1359307,14.3245735,9.991478,491.34,
17-Oct-16,12.36334641,9.580917,8.688701,491.32,
18-Oct-16,11.51274666,8.011,9.922667,491.34,
19-Oct-16,12.20040522,7.4584217,8.87186,491.33,
20-Oct-16,11.60606153,7.541546,8.95005,491.33,
21-Oct-16,12.93530331,2.329,10.191466,491.34,
22-Oct-16,12.5446971,1.736,10.216118,491.34,
24-Oct-16,15.33176122,1.474,7.754709,491.31,
25-Oct-16,15.23917775,2.663,8.806836,491.32,
26-Oct-16,18.96794435,7.287957,8.688592,491.32,
27-Oct-16,18.95639875,7.418529,7.7372108,491.31,
28-Oct-16,20.59737799,7.6354246,2.4121306,491.27,
31-Oct-16,18.34393286,10.586035,6.9881516,491.31,
01-Nov-16,15.08744804,13.95,2.4006784,491.27,
02-Nov-16,18.85160392,27.958498,7.8334312,491.31,
03-Nov-16,17.05422444,16.235172,8.917424,491.33,
04-Nov-16,16.16537766,45.018147,8.356031,491.32,
05-Nov-16,19.14489442,73.22845,7.0788817,491.31,
07-Nov-16,18.65679233,65.967285,5.1757913,491.3,
08-Nov-16,14.8589736,31.7,5.1461067,491.3,
09-Nov-16,13.69633827,22.77234,7.1415696,491.31,
10-Nov-16,24.17198467,125.4,7.0746484,491.31,
11-Nov-16,17.28718984,74.86102,5.1640167,491.3,
12-Nov-16,16.14897808,69.28963,5.599619,491.3,
15-Nov-16,15.05304584,64.31,2.9373677,491.29,
16-Nov-16,12.83551755,44.761444,2.3782408,491.27,
17-Nov-16,11.80283296,42.69264,2.9330082,491.29,
18-Nov-16,10.82287527,27.886951,2.9755144,491.29,
19-Nov-16,12.67947365,42.740826,2.8385773,491.28,
21-Nov-16,14.65622734,60.450935,4.882216,491.29,
22-Nov-16,12.63531764,52.18,2.9852238,491.29,
23-Nov-16,14.5386936,50.34724,2.3873844,491.27,
24-Nov-16,13.4356112,60.450935,3.0002587,491.29,
25-Nov-16,12.53272464,53.63,4.904948,491.29,
26-Nov-16,12.61497771,46.26901,2.9205208,491.29,
28-Nov-16,14.13004216,33.785618,7.1502376,491.31,
29-Nov-16,12.55771332,31.7,4.9461784,491.29,
30-Nov-16,10.70180821,23.739323,2.964725,491.29,
01-Dec-16,10.43436772,25.74195,7.2227283,491.31,
02-Dec-16,10.78325954,27.959953,7.8762174,491.31,
03-Dec-16,11.11531416,28.766478,8.698032,491.32,
05-Dec-16,9.53163936,22.929285,9.139254,491.33,
06-Dec-16,9.16715365,22.27,10.345802,491.34,
07-Dec-16,8.75643787,23.0163,11.668827,491.35,
08-Dec-16,9.24132575,20.940208,11.652956,491.35,
09-Dec-16,9.40149334,15.79382,10.317665,491.34,
10-Dec-16,9.96902409,21.399422,11.5388775,491.35,
12-Dec-16,8.11804879,10.986817,7.807016,491.31,
14-Dec-16,7.25375128,14.229854,15.410403,491.41,
15-Dec-16,7.70855551,14.084935,25.562237,491.47,
16-Dec-16,12.0901309,9.923451,69.4204,491.54,
17-Dec-16,7.66843823,14.719641,21.888655,491.43,
19-Dec-16,7.25232839,15.56902,12.083471,491.37,
20-Dec-16,7.9135822,12.78,11.416633,491.36,
21-Dec-16,7.18467821,12.492791,12.217774,491.37,
22-Dec-16,6.97940813,11.362778,11.483411,491.36,
23-Dec-16,5.12211415,9.85209,11.012385,491.35,
24-Dec-16,6.32326482,12.23,10.330115,491.34,
26-Dec-16,6.15255167,9.82961,11.042077,491.35,
27-Dec-16,6.34201419,10.65,10.762291,491.35,
28-Dec-16,6.30477336,10.055468,10.411556,491.34,
29-Dec-16,6.36215135,11.827685,9.059702,491.32,
30-Dec-16,5.10576224,9.219268,8.899094,491.31,
31-Dec-16,5.79297144,9.778362,9.154668,491.32,71.26039
02-Jan-17,4.84415529,9.794574,9.143854,491.32,
03-Jan-17,5.09021762,10.65,8.835056,491.31,
04-Jan-17,5.19359329,9.395396,9.162252,491.32,
05-Jan-17,6.22660958,9.129063,8.923889,491.31,
06-Jan-17,9.20263122,8.85173,8.88935,491.31,
07-Jan-17,7.9834876,8.767005,8.684733,491.3,
09-Jan-17,6.3373645,9.151824,9.066867,491.32,
10-Jan-17,5.71936293,9.203,9.083317,491.31,
11-Jan-17,4.631867024,8.96943,8.8518,491.31,
12-Jan-17,4.64990846,6.1631827,8.636209,491.31,
13-Jan-17,4.8788625,6.1074204,10.522256,491.34,
16-Jan-17,5.81980271,8.938282,10.643842,491.34,
17-Jan-17,5.51942228,9.203,9.19475,491.32,
18-Jan-17,5.026599954,8.941946,9.084503,491.32,
19-Jan-17,5.12615235,8.959576,9.788285,491.33,
20-Jan-17,5.235303105,10.709138,10.807334,491.34,
21-Jan-17,4.397713216,10.9631195,10.659127,491.34,
23-Jan-17,3.557737977,10.526439,9.666656,491.33,
24-Jan-17,3.57710083,9.875,7.8553667,491.31,
25-Jan-17,3.73525701,10.256946,8.0190325,491.32,
27-Jan-17,4.55485428,10.720904,7.8439093,491.31,
28-Jan-17,3.890963355,10.04575,7.3389244,491.31,
30-Jan-17,3.95596558,12.20274,2.9141393,491.29,
31-Jan-17,4.17298631,14.53,2.8238611,491.29,
01-Feb-17,3.9520764,10.830032,2.8642516,491.28,
02-Feb-17,3.7348854,6.222,2.5985444,491.27,
03-Feb-17,3.37208645,5.706,1.973805,491.25,
04-Feb-17,3.17759193,6.222,1.9600497,491.25,
06-Feb-17,3.06546136,7.259683,2.1303666,491.26,
07-Feb-17,3.43677528,9.875,2.0305314,491.25,
08-Feb-17,3.31596488,10.756737,2.0699246,491.25,
09-Feb-17,3.03449536,7.4362745,2.1539536,491.26,
10-Feb-17,2.69916497,7.374282,2.1017063,491.26,
11-Feb-17,2.65815523,7.3097105,2.0781462,491.25,
13-Feb-17,3.37870063,7.4394855,2.4856126,491.27,
14-Feb-17,3.224067043,9.197,2.306456,491.26,
15-Feb-17,2.980816671,7.393819,2.1891353,491.26,
16-Feb-17,2.3687756,7.6594706,2.1599095,491.26,
17-Feb-17,2.084797845,3.6864238,2.0685656,491.25,
18-Feb-17,2.223224223,4.1720366,2.078037,491.25,
20-Feb-17,2.48720756,4.219971,2.2596042,491.26,
21-Feb-17,2.53433402,7.33,2.2781208,491.26,
22-Feb-17,3.182873637,11.563855,2.3875868,491.27,
23-Feb-17,2.88151463,10.743314,2.565211,491.28,
25-Feb-17,2.16561562,4.9669065,2.3036363,491.26,
27-Feb-17,2.180878834,3.6849813,2.1806428,491.26,
28-Feb-17,1.99317669,3.139,2.278395,491.26,
01-Mar-17,2.51234031,5.032035,2.3273778,491.26,
02-Mar-17,2.194929295,3.8501163,2.295683,491.26,
03-Mar-17,2.792096576,10.688043,2.4440355,491.27,
04-Mar-17,2.271466275,10.613072,2.443256,491.27,
06-Mar-17,2.254830616,8.541,3.0830023,491.29,
07-Mar-17,2.585369195,10.328288,5.700783,491.3,
08-Mar-17,2.655878354,7.5355263,7.970975,491.34,
09-Mar-17,2.963846275,6.3875904,6.9862795,491.32,
10-Mar-17,2.209094332,4.7000923,6.5396657,491.31,
11-Mar-17,2.021616305,4.680694,6.345205,491.31,
13-Mar-17,2.119078209,3.647,8.001401,491.34,
14-Mar-17,2.021635367,2.8842936,9.963902,491.36,
15-Mar-17,2.024708577,3.8777573,10.002655,491.36,
16-Mar-17,2.185210312,4.446993,9.917286,491.35,
17-Mar-17,1.967503397,4.6294727,8.233736,491.34,
18-Mar-17,4.01663307,3.8489397,7.696016,491.33,
20-Mar-17,2.340047095,9.44,7.2220097,491.32,
21-Mar-17,2.583834157,11.320094,7.060939,491.31,
22-Mar-17,3.400314355,13.837392,7.0024056,491.31,
23-Mar-17,3.283925439,14.970578,6.7974515,491.3,
24-Mar-17,3.258406138,16.652874,6.7196145,491.3,
25-Mar-17,3.763636214,19.72,6.8669868,491.3,
27-Mar-17,3.377080621,21.62,2.1367698,491.25,
28-Mar-17,3.875142171,21.418364,1.1001084,491.22,
29-Mar-17,6.937724886,20.856462,1.0934838,491.22,
30-Mar-17,5.90019831,15.952005,1.156682,491.23,
31-Mar-17,3.131202225,12.568198,1.1247475,491.22,
01-Apr-17,3.141891213,11.325205,1.1358106,491.22,
03-Apr-17,2.591254075,7.263,1.1057463,491.21,
07-Apr-17,2.280646144,0.9637331,0.5933116,491.18,
08-Apr-17,1.0406348,0,1.1500928,491.23,
12-Apr-17,1.286448132,5.0023828,0.6901401,491.19,
13-Apr-17,1.56924074,7.191371,1.1212071,491.22,
15-Apr-17,1.71384772,7.2689743,0.6594612,491.18,
18-Apr-17,2.42072661,4.626,1.1637615,491.23,
19-Apr-17,6.365795454,4.9638476,3.111763,491.28,
20-Apr-17,6.158879956,4.626,2.9527125,491.26,
21-Apr-17,2.656379545,5.0289254,1.2130902,491.24,
22-Apr-17,2.244926815,4.815743,7.036929,491.3,
24-Apr-17,2.62289351,2.237,2.996263,491.26,
25-Apr-17,3.59114861,7.2104135,1.1834264,491.24,
26-Apr-17,4.84665189,5.0283318,3.0330138,491.26,
27-Apr-17,7.05632245,6.7516136,3.0537505,491.26,
28-Apr-17,5.605035447,0.96196723,1.1506524,491.22,
11-May-17,3.3692219,0.073,3.1807356,491.28,
12-May-17,3.2483338,0,7.2428975,491.3,
13-May-17,3.2927216,0,8.695073,491.34,
15-May-17,3.69284119,0,7.3551702,491.31,
16-May-17,4.45028271,0,9.604427,491.34,
17-May-17,5.010154657,0,9.155953,491.36,
18-May-17,5.68946025,0,8.70004,491.33,
19-May-17,7.68932244,0,12.383325,491.39,
20-May-17,9.98831357,16.132055,8.824478,491.35,
22-May-17,14.19278832,23.59,12.897973,-,
23-May-17,13.76973293,23.723019,15.549135,-,
24-May-17,11.08631118,28.464756,14.259479,-,
25-May-17,10.58826489,21.766651,13.8389225,-,
26-May-17,9.37533469,13.439236,13.5310545,-,
29-May-17,10.28141085,16.72,29.07991,-,
31-May-17,9.41523897,9.736945,29.314682,-,
01-Jun-17,9.39398922,10.580297,13.328,491.41,
02-Jun-17,11.83895745,9.611992,13.516,491.41,
03-Jun-17,17.8689194,9.601332,13.634,491.39,
05-Jun-17,17.89446331,0,8.219,491.32,
06-Jun-17,14.36763706,15.232107,7.168,491.31,
07-Jun-17,11.33537019,13.473908,7.258,491.31,
08-Jun-17,12.01899729,23.787209,8.904,491.33,
09-Jun-17,11.17421019,23.801744,8.539,491.33,
10-Jun-17,11.61455579,26.654755,9.074,491.35,
12-Jun-17,8.983554611,0,8.936,491.32,
13-Jun-17,9.86980261,21.87722,7.357,491.31,
14-Jun-17,9.27562016,19.419678,9.076,491.35,
15-Jun-17,10.82129769,13.088173,8.069,491.33,
16-Jun-17,10.42560452,11.35193,7.986,491.33,
17-Jun-17,11.60992872,9.814761,8.184,491.32,
19-Jun-17,8.168306967,0,8.638,491.35,
20-Jun-17,9.53338147,21.420464,8.029,491.32,
21-Jun-17,7.54187155,12.456769,8.1,491.33,
22-Jun-17,7.55604747,11.365945,8.097,491.33,
23-Jun-17,9.1824198,22.132696,12.796,491.38,
24-Jun-17,6.75662007,23.867174,10.454,491.36,
27-Jun-17,6.014081795,21.901522,7.145,491.31,
28-Jun-17,7.11950779,13.368758,8.263,491.33,
29-Jun-17,6.12117252,9.952498,8.084,491.32,
30-Jun-17,6.44237757,11.30843,7.981,491.32,
01-Jul-17,6.42541284,9.795794,7.773,491.32,
03-Jul-17,4.2092101,0,6.761,491.3,
04-Jul-17,3.89126543,0.6314304,6.99,491.3,
05-Jul-17,4.705032989,0,7.248,491.31,
06-Jul-17,5.3414368,0,3.329,491.28,
07-Jul-17,4.945602882,0,3.108,491.27,
08-Jul-17,5.710773189,0,2.926,491.26,
10-Jul-17,3.779450644,0,2.25,491.25,
11-Jul-17,3.382731429,0,3.176,491.28,
12-Jul-17,3.080344589,0,3.226,491.27,
13-Jul-17,3.046474133,0,3.266,491.27,
14-Jul-17,3.134020522,0,7.083,491.3,
15-Jul-17,3.133119811,0,8.17,491.32,
17-Jul-17,4.055294378,0,7.992,491.32,
18-Jul-17,4.10410186,2.128413,7.522,491.31,
19-Jul-17,8.982991784,1.031422,7.361,491.31,
20-Jul-17,6.363024556,0.92147046,7.234,491.31,
21-Jul-17,4.384704472,0.92436475,7.051,491.3,
22-Jul-17,5.616751855,0.97879606,3.384,491.28,
24-Jul-17,7.851723267,0,3.525,491.29,
25-Jul-17,8.22936455,9.091041,3.172,491.27,
26-Jul-17,8.13832808,24.385904,7.077,491.3,
27-Jul-17,14.02647883,71.26039,7.159,491.31,
28-Jul-17,9.67950682,41.594753,3.52,491.29,
29-Jul-17,7.54187029,28.914886,3.294,491.27,
31-Jul-17,4.912669111,0,10.524,491.36,
01-Aug-17,10.86405364,53.118736,14.325,491.42,
02-Aug-17,8.05446003,24.566843,12.869,491.38,
03-Aug-17,8.31380303,22.301888,10.545,491.36,
04-Aug-17,7.61785763,13.535644,10.6,491.36,
05-Aug-17,7.00645431,11.606336,8.699,491.35,
07-Aug-17,3.245574783,0,6.541,491.3,
08-Aug-17,3.45513555,10.268303,2.5,491.27,
09-Aug-17,3.64427112,8.627567,3.052,491.28,
10-Aug-17,5.13864397,7.9500365,6.535,491.3,
11-Aug-17,4.96306908,7.4999743,6.603,491.31,
12-Aug-17,3.743776765,7.956188,8.831,491.33,
14-Aug-17,5.057038267,0,8.424,491.32,
16-Aug-17,267.2632524,10.251118,2592.5,491.54,
17-Aug-17,308.1784747,10.24022,3003.061224,491.56,
18-Aug-17,147.8316996,10.332989,1382.327586,491.68,
19-Aug-17,14.58137176,8.819946,14.412,491.42,
21-Aug-17,20.90904122,0,29.156,491.5,
22-Aug-17,16.38673567,8.607752,16.928,491.45,
23-Aug-17,14.28425006,10.204138,14.906,491.42,
24-Aug-17,13.26381993,8.810848,17.019,491.45,
26-Aug-17,355.6414996,10.32633,3470,491.54,
28-Aug-17,12.72726578,0,19.601,491.47,
29-Aug-17,16.4964009,10.168673,15.219,491.43,
30-Aug-17,18.84048863,9.939422,13.778,491.42,
31-Aug-17,18.20272466,12.438324,13.499,491.41,
01-Sep-17,16.2743425,11.971415,15.532,491.43,
04-Sep-17,30.29278635,0,126.88,491.91,
05-Sep-17,20.51724859,0,52.83,491.6,
06-Sep-17,24.96018164,12.843775,110.71,491.82,
07-Sep-17,20.8915228,10.071507,67.23,491.71,
08-Sep-17,25.1411376,8.952721,69.03,491.75,
09-Sep-17,21.63296122,8.880914,71.75,491.72,
11-Sep-17,23.50353572,0,71.51,491.73,
12-Sep-17,20.35482433,0,69.67,491.68,
13-Sep-17,19.67827456,0,68.7,491.65,
14-Sep-17,11.94143132,13.560641,17.089,491.45,
15-Sep-17,21.02397632,9.967274,19.743,491.47,
16-Sep-17,25.48695591,2.2662497,20.13,491.47,
18-Sep-17,11.21829667,0,13.533,491.4,
19-Sep-17,12.03536433,7.3737836,17.65,491.45,
20-Sep-17,10.99021674,10.038124,16.236,491.43,
21-Sep-17,11.41040018,11.462567,15.057,491.42,
22-Sep-17,15.95731966,12.220067,14.094,491.41,
23-Sep-17,14.27293674,12.003285,13.245,491.38,
25-Sep-17,16.98757093,0,30.476,491.5,
26-Sep-17,396.0033441,7.3996854,3861,491.6,
27-Sep-17,17.40874606,7.056052,72.34,491.68,
28-Sep-17,19.05735478,7.0306168,66.6,491.64,
29-Sep-17,25.42363745,8.295021,108.13,491.79,
01-Oct-17,18.40762935,7.7169423,72.5,491.72,
02-Oct-17,19.79144444,0,69,491.67,
03-Oct-17,14.7314665,8.307341,31.393,491.5,
04-Oct-17,47.08351623,8.840516,375.1300236,491.64,
05-Oct-17,404.0620746,8.556733,3910.714286,491.7,
07-Oct-17,383.17417,7.22607,3719.534884,491.65,
08-Oct-17,25.46065764,7.348694,71,491.7,
09-Oct-17,464.4432081,0,3962.439024,491.68,
10-Oct-17,587.3689226,7.481634,5666.333333,491.76,
11-Oct-17,724.6770076,0,6306.551724,491.91,
12-Oct-17,724.8547028,0,6284,491.93,
13-Oct-17,689.1778151,11.936501,6656.551724,491.98,
14-Oct-17,746.2965551,10.838248,7290.714286,492.1,
15-Oct-17,26.0618307,9.991478,140,492.04,
16-Oct-17,749.7266402,0,6643.103448,492.02,
17-Oct-17,633.6387164,8.688701,6212.903226,491.93,
19-Oct-17,401.5163564,8.87186,3921.219512,491.66,
20-Oct-17,307.7365309,8.95005,2986.734694,491.55,
21-Oct-17,300.1123033,10.191466,2897.2,491.53,
23-Oct-17,333.0108463,0,2903.8,491.53,
24-Oct-17,12.54443922,7.754709,17.371,491.45,
25-Oct-17,15.44857775,8.806836,15.294,491.42,
26-Oct-17,16.43733465,8.688592,13.746,491.41,
27-Oct-17,18.94859875,7.7372108,13.122,491.4,
28-Oct-17,20.78987799,2.4121306,15.125,491.42,
30-Oct-17,19.71503084,0,15.227,491.42,
31-Oct-17,17.79813416,6.9881516,14.743,491.41,
01-Nov-17,14.39894804,2.4006784,14.775,491.41,
02-Nov-17,17.98660392,7.8334312,13.01,491.4,
03-Nov-17,16.56282444,8.917424,19.876,491.45,
04-Nov-17,16.48937766,8.356031,18.01,491.43,
05-Nov-17,19.67489442,7.0788817,18.5,491.43,
06-Nov-17,23.88203467,0,17.827,491.43,
07-Nov-17,19.02479053,5.1757913,17.89,491.43,
08-Nov-17,15.5132736,5.1461067,19.743,491.44,
09-Nov-17,14.21463827,7.1415696,18.903,491.44,
10-Nov-17,25.04198467,7.0746484,17.55,491.42,
11-Nov-17,19.00958984,5.1640167,19.998,491.44,
12-Nov-17,17.52157808,5.599619,16.5,491.43,
13-Nov-17,18.91887352,0,19.204,491.43,
14-Nov-17,16.90795836,0,18.365,491.42,
15-Nov-17,16.69684584,2.9373677,17.947,491.43,
16-Nov-17,14.33801755,2.3782408,16.485,491.39,
17-Nov-17,13.45973296,2.9330082,18.029,491.42,
18-Nov-17,12.62317527,2.9755144,19.463,491.43,
19-Nov-17,17.72857365,2.8385773,52,491.56,
20-Nov-17,16.11323902,0,18.874,491.42,
21-Nov-17,15.99817797,4.882216,16.27,491.41,
22-Nov-17,13.94691764,2.9852238,15.037,491.38,
23-Nov-17,15.1462936,2.3873844,14.926,491.38,
24-Nov-17,14.5834112,3.0002587,16.252,491.39,
25-Nov-17,13.97302464,4.904948,16.012,491.39,
26-Nov-17,14.11407771,2.9205208,16.5,491.39,
27-Nov-17,17.00606928,0,16.607,491.39,
28-Nov-17,15.35933746,7.1502376,17.227,491.4,
29-Nov-17,13.74683989,4.9461784,16.636,491.39,
30-Nov-17,11.98990821,2.964725,17.296,491.4,
01-Dec-17,11.48346772,7.2227283,14.607,491.38,
02-Dec-17,15.57165954,7.8762174,52,491.55,
03-Dec-17,15.55371416,8.698032,48.5,491.52,
04-Dec-17,13.19494319,0,26.204,491.48,
05-Dec-17,11.27343504,9.139254,18.764,491.4,
06-Dec-17,11.32262562,10.345802,22.956,491.44,
07-Dec-17,10.947263,11.668827,23.281,491.44,
08-Dec-17,10.85151565,11.652956,21.087,491.43,
09-Dec-17,11.11889334,10.317665,19.79,491.41,
10-Dec-17,11.67116589,11.5388775,19,491.4,
11-Dec-17,9.498883589,0,21.277,491.42,
12-Dec-17,9.53255042,7.807016,20.067,491.41,
13-Dec-17,7.920794389,0,17.869,491.39,
14-Dec-17,8.65185098,15.410403,18.105,491.39,
15-Dec-17,9.15082461,25.562237,18.591,491.39,
16-Dec-17,13.2234309,69.4204,17.232,491.38,
17-Dec-17,8.71631083,21.888655,16,491.38,
18-Dec-17,7.805105011,0,15.563,491.37,
19-Dec-17,7.94451869,12.083471,12.442,491.35,
20-Dec-17,8.582948,11.416633,18.97,491.4,
21-Dec-17,7.69567821,12.217774,18.32,491.39,
22-Dec-17,7.13550813,11.483411,18.231,491.39,
23-Dec-17,7.29241415,11.012385,27.938,491.48,
24-Dec-17,8.47290742,10.330115,23.5,491.44,
26-Dec-17,8.22356214,11.042077,22.528,491.43,
27-Dec-17,7.57507999,10.762291,18.908,491.39,
28-Dec-17,7.59077336,10.411556,19.095,491.39,
29-Dec-17,7.62295135,9.059702,18.183,491.38,
30-Dec-17,6.34726224,8.899094,17.375,491.38,
31-Dec-17,6.45223964,9.154668,17.5,491.38,7290.714286
01-Jan-18,6.711550033,0,18.382,491.38,
02-Jan-18,6.45155529,9.143854,17.836,491.38,
03-Jan-18,6.28405186,8.835056,17.28,491.375,
04-Jan-18,6.50323589,9.162252,17.447,491.375,
05-Jan-18,7.47711225,8.923889,16.702,491.375,
06-Jan-18,10.43183122,8.88935,17.867,491.38,
07-Jan-18,7.38993425,8.684733,-,491.38,
08-Jan-18,7.921611767,0,17.8,491.38,
09-Jan-18,7.75022506,9.066867,17.553,491.375,
10-Jan-18,7.03539869,9.083317,16.614,491.37,
11-Jan-18,5.929246404,8.8518,16.685,491.37,
12-Jan-18,5.9409084,8.636209,16.251,491.365,
13-Jan-18,6.1533625,10.522256,16.35,491.37,
14-Jan-18,4.524092156,0,-,491.365,
15-Jan-18,6.147366133,0,14.11,491.36,
16-Jan-18,6.81248971,10.643842,14.08,491.36,
17-Jan-18,6.70894168,9.19475,16.04,491.365,
18-Jan-18,6.158077054,9.084503,15.78,491.355,
19-Jan-18,5.83810831,9.788285,11.28,491.35,
20-Jan-18,6.196403105,10.807334,11.192,491.35,
21-Jan-18,4.32698647,10.659127,-,491.345,
22-Jan-18,4.453609289,0,10.53,491.35,
23-Jan-18,4.841144494,9.666656,13.368,491.36,
24-Jan-18,4.89473477,7.8553667,13.734,491.36,
25-Jan-18,4.20102153,8.0190325,8.082,491.3,
26-Jan-18,2.929555556,0,-,491.285,
27-Jan-18,3.91765428,7.8439093,3.858,491.28,
28-Jan-18,3.565389935,7.3389244,-,491.29,
29-Jan-18,4.361308778,0,8.205,491.31,
30-Jan-18,4.32834626,2.9141393,7.137,491.32,
31-Jan-18,5.38646381,2.8238611,15.541,491.35,
01-Feb-18,4.75651662,2.8642516,11.521,491.345,
02-Feb-18,4.67271136,2.5985444,10.96,491.345,
03-Feb-18,4.30428645,1.973805,11.278,491.345,
04-Feb-18,3.01214621,1.9600497,-,491.32,
05-Feb-18,3.641158789,0,7.964,491.33,
06-Feb-18,3.51143606,2.1303666,8.665,491.345,
07-Feb-18,3.82316454,2.0305314,8.02,491.345,
08-Feb-18,3.81719668,2.0699246,9.093,491.36,
09-Feb-18,3.5267048,2.1539536,8.974,491.36,
10-Feb-18,3.35876497,2.1017063,9.212,491.355,
11-Feb-18,2.4845688,2.0781462,-,491.36,
12-Feb-18,4.000309956,0,9.88,491.36,
13-Feb-18,3.38167273,2.4856126,8.861,491.355,
14-Feb-18,3.289842943,2.306456,8.724,491.355,
15-Feb-18,3.090452871,2.1891353,9.195,491.35,
16-Feb-18,2.74932467,2.1599095,8.062,491.345,
17-Feb-18,2.503697845,2.0685656,8.044,491.355,
18-Feb-18,1.862724223,2.078037,-,491.36,
19-Feb-18,2.897395811,0,8.8,491.345,
20-Feb-18,2.93360558,2.2596042,7.97,491.35,
21-Feb-18,2.93139902,2.2781208,7.67,491.345,
22-Feb-18,3.979473637,2.3875868,8.034,491.345,
23-Feb-18,3.62081463,2.565211,7.461,491.345,
24-Feb-18,3.3921625,0,7.932,491.35,
25-Feb-18,2.15881562,2.3036363,-,491.35,
26-Feb-18,2.865915511,0,7.89,491.35,
27-Feb-18,2.887214894,2.1806428,8.825,491.35,
28-Feb-18,2.58480685,2.278395,7.631,491.345,
01-Mar-18,3.09427044,2.3273778,7.548,491.345,
02-Mar-18,2.902129295,2.295683,7.494,491.34,
03-Mar-18,3.48524124,2.4440355,7.382,491.34,
04-Mar-18,2.255066275,2.443256,-,491.335,
05-Mar-18,3.023981283,0,6.541,491.33,
06-Mar-18,2.880130616,3.0830023,6.3,491.33,
07-Mar-18,3.21693201,5.700783,6.656,491.335,
08-Mar-18,3.265504416,7.970975,6.471,491.33,
09-Mar-18,3.580046275,6.9862795,6.513,491.33,
10-Mar-18,2.820562534,6.5396657,6.417,491.33,
11-Mar-18,1.98565626,6.345205,-,491.33,
12-Mar-18,2.455681796,0,6.255,491.325,
13-Mar-18,2.680061344,8.001401,6.078,491.325,
14-Mar-18,2.622264242,9.963902,6.295,491.325,
15-Mar-18,2.625708577,10.002655,6.041,491.325,
16-Mar-18,2.812110312,9.917286,6.3,491.335,
17-Mar-18,3.251803397,8.233736,12.862,491.36,
18-Mar-18,1.92257827,7.696016,-,491.355,
19-Mar-18,3.246434373,0,11.197,491.35,
20-Mar-18,3.227114715,7.2220097,10.865,491.345,
21-Mar-18,3.366134157,7.060939,11.227,491.345,
22-Mar-18,3.744125955,7.0024056,11.138,491.345,
23-Mar-18,3.969925439,6.7974515,10.715,491.345,
24-Mar-18,3.847444178,6.7196145,10.474,491.335,
25-Mar-18,3.045791114,6.8669868,-,491.335,
26-Mar-18,4.194620694,0,8.939,491.33,
27-Mar-18,3.546492261,2.1367698,9.169,491.335,
28-Mar-18,3.389606471,1.1001084,8.827,491.33,
29-Mar-18,2.477043386,1.0934838,-,491.34,
30-Mar-18,1.93119831,1.156682,-,491.34,
31-Mar-18,2.536992525,1.1247475,9.461,491.36,
01-Apr-18,1.464839813,1.1358106,-,491.36,
02-Apr-18,2.892325314,0,13.671,491.35,
03-Apr-18,2.114661475,1.1057463,9.73,491.34,
04-Apr-18,2.969966867,0,10.162,491.34,
05-Apr-18,2.830265778,0,9.743,491.325,
06-Apr-18,2.401569789,0,7.997,491.33,
07-Apr-18,2.535775244,0.5933116,17.593,491.395,
08-Apr-18,0.57422235,1.1500928,-,491.385,
09-Apr-18,2.462927882,0,16.147,491.39,
10-Apr-18,2.3219502,0,15.72,491.365,
11-Apr-18,2.285844029,0,13.507,491.35,
12-Apr-18,2.369395592,0.6901401,12.103,491.345,
13-Apr-18,2.69974074,1.1212071,11.343,491.34,
14-Apr-18,2.942018052,0,11.716,491.345,
15-Apr-18,1.70124772,0.6594612,-,491.335,
16-Apr-18,2.81863346,0,9.335,491.335,
17-Apr-18,3.272582424,0,9.4,491.34,
18-Apr-18,3.36772661,1.1637615,9.501,491.34,
19-Apr-18,6.942443294,3.111763,9.413,491.335,
20-Apr-18,6.685579956,2.9527125,9.383,491.33,
21-Apr-18,3.816812095,1.2130902,13.614,491.36,
22-Apr-18,2.19708062,7.036929,-,491.35,
23-Apr-18,3.220162011,0,11.502,491.335,
24-Apr-18,3.45779351,2.996263,8.38,491.35,
25-Apr-18,4.95128472,1.1834264,13.72,491.38,
26-Apr-18,6.17145189,3.0330138,13.267,491.375,
27-Apr-18,8.41152245,3.0537505,13.559,491.37,
28-Apr-18,6.775435447,1.1506524,11.704,491.365,
29-Apr-18,5.916400229,0,-,491.365,
30-Apr-18,6.145965673,0,-,491.37,
01-May-18,7.48115757,0,12.883,491.375,
02-May-18,8.739115867,0,13.366,491.38,
03-May-18,6.068789544,0,13.114,491.39,
04-May-18,7.548502822,0,19.173,491.41,
05-May-18,7.108930248,0,18.157,491.4,
06-May-18,5.248999411,0,-,491.405,
07-May-18,7.932896461,0,19.702,491.43,
08-May-18,7.484901467,0,26.105,491.47,
09-May-18,7.004864744,0,24.457,491.46,
10-May-18,5.947514267,0,23.765,491.44,
11-May-18,5.0097219,3.1807356,19.269,491.415,
12-May-18,4.7748226,7.2428975,19.737,491.41,
13-May-18,3.18930996,8.695073,-,491.41,
14-May-18,4.800455767,0,20.274,491.44,
15-May-18,6.82164119,7.3551702,31.496,491.48,
16-May-18,7.20938485,9.604427,28.273,491.46,
17-May-18,7.676454657,9.155953,26.694,491.45,
18-May-18,8.28916025,8.70004,26.065,491.435,
19-May-18,9.86632244,12.383325,21.801,491.415,
20-May-18,9.98151357,8.824478,-,491.42,
21-May-18,12.2927631,0,22.393,491.42,
22-May-18,13.63321062,12.897973,21.06,491.415,
23-May-18,13.23200673,15.549135,20.178,491.43,
24-May-18,12.86579335,14.259479,25.322,491.45,
25-May-18,12.26496489,13.8389225,25.255,491.47,
26-May-18,12.32114013,13.5310545,36.649,491.49,
27-May-18,9.152353156,0,-,491.46,
28-May-18,10.52174556,0,21.094,491.44,
29-May-18,12.18465345,29.07991,23.115,491.44,
30-May-18,8.660671922,0,23.164,491.445,
31-May-18,11.72127025,29.314682,24.253,491.45,
01-Jun-18,11.65998922,13.328,23.326,1.445,
02-Jun-18,12.54348835,13.516,23.829,1.45,
03-Jun-18,16.1891472,13.634,-,1.465,
04-Jun-18,20.29166827,0,39.509,1.49,
05-Jun-18,20.01274609,8.219,33.793,1.48,
06-Jun-18,16.29805046,7.168,34.8,1.485,
07-Jun-18,14.17159682,7.258,32.766,1.47,
08-Jun-18,14.3508973,8.904,27.741,1.46,
09-Jun-18,13.33343136,8.539,23.624,1.43,
10-Jun-18,11.21294029,9.074,-,1.41,
11-Jun-18,13.0189559,0,21.322,1.41,
12-Jun-18,10.60157402,8.936,16.37,1.41,
13-Jun-18,11.4438851,7.357,17.544,1.41,
14-Jun-18,10.83313119,9.076,17.21,1.4,
15-Jun-18,12.27539769,8.069,15.611,1.36,
16-Jun-18,10.2375389,7.986,-,1.335,
17-Jun-18,11.16536042,8.184,-,1.335,
18-Jun-18,9.861186333,0,11.615,1.335,
19-Jun-18,8.879943244,8.638,10.737,1.37,
20-Jun-18,10.86484607,8.029,17.65,1.415,
21-Jun-18,8.86963965,8.1,17.637,1.41,
22-Jun-18,8.71244747,8.097,17.729,1.405,
23-Jun-18,10.385458,12.796,17.716,1.405,
24-Jun-18,6.56072172,10.454,-,1.38,
25-Jun-18,7.008080071,0,9.185,1.36,
26-Jun-18,4.415815375,0,9.804,1.375,
27-Jun-18,6.856572805,7.145,12.343,1.39,
28-Jun-18,8.44400831,8.263,14.938,1.39,
29-Jun-18,7.50657252,8.084,14.924,1.39,
30-Jun-18,7.60521121,7.981,14.766,1.39,
01-Jul-18,6.233767,7.773,-,491.385,
02-Jul-18,6.819390518,0,13.237,491.385,
03-Jul-18,5.574985144,6.761,14.026,491.385,
04-Jul-18,5.05874348,6.99,13.304,491.38,
05-Jul-18,6.161032989,7.248,13.124,491.37,
06-Jul-18,6.711547911,3.329,12.498,491.375,
07-Jul-18,6.343713993,3.108,13.249,491.37,
08-Jul-18,4.718618744,2.926,-,491.365,
09-Jul-18,5.851984363,0,12.113,491.355,
10-Jul-18,4.798450644,2.25,9.244,491.365,
11-Jul-18,4.791995889,3.176,13.242,491.375,
12-Jul-18,4.558122367,3.226,13.609,491.375,
13-Jul-18,4.457474133,3.266,12.866,491.38,
14-Jul-18,4.418353856,7.083,12.629,491.4,
15-Jul-18,2.916776211,8.17,-,491.42,
16-Jul-18,4.126929846,0,18.481,491.42,
17-Jul-18,4.9960576,7.992,17.989,491.4,
18-Jul-18,4.54658816,7.522,13.845,491.37,
19-Jul-18,3.784210084,7.361,10.991,491.34,
20-Jul-18,3.726224556,7.234,8.612,491.32,
21-Jul-18,3.710361572,7.051,7.992,491.315,
22-Jul-18,4.103041055,3.384,-,491.335,
23-Jul-18,7.05907605,0,10.042,491.35,
24-Jul-18,7.868247378,3.525,9.848,491.345,
25-Jul-18,7.70971895,3.172,10.517,491.355,
26-Jul-18,7.56253358,7.077,10.087,491.36,
27-Jul-18,14.26517883,7.159,13.087,491.4,
28-Jul-18,10.60302302,3.52,18.335,491.39,
29-Jul-18,6.57695999,3.294,-,491.35,
30-Jul-18,11.22657971,0,10.369,491.355,
31-Jul-18,5.172293778,10.524,10.829,491.36,
01-Aug-18,11.04940924,14.325,10.485,1.36,
02-Aug-18,8.08452503,12.869,10.267,1.355,
03-Aug-18,8.39800303,10.545,9.872,1.35,
04-Aug-18,7.84361803,10.6,10.935,1.36,
05-Aug-18,6.55616187,8.699,-,1.365,
06-Aug-18,5.491229511,0,11.569,1.375,
07-Aug-18,4.39359625,6.541,13.738,1.375,
08-Aug-18,4.44739198,2.5,13.399,1.38,
09-Aug-18,4.82272097,3.052,13.813,1.385,
10-Aug-18,6.24694397,6.535,13.316,1.4,
11-Aug-18,6.24884564,6.603,16.874,1.42,
12-Aug-18,3.342702495,8.831,-,1.4,
13-Aug-18,4.0839382,0,13.811,1.38,
14-Aug-18,4.488184378,8.424,10.673,1.36,
15-Aug-18,3.378,0,-,1.37,
16-Aug-18,267.5993524,2592.5,10.184,1.375,
17-Aug-18,308.5557747,3003.061224,12.803,1.385,
18-Aug-18,145.9210166,1382.327586,12.762,1.38,
19-Aug-18,8.93872836,14.412,-,1.38,
20-Aug-18,12.37688149,0,13.144,1.385,
21-Aug-18,16.03051344,29.156,13.176,1.38,
22-Aug-18,11.20129067,16.928,-,1.365,
23-Aug-18,12.34868986,14.906,10.661,1.36,
24-Aug-18,11.29851993,17.019,10.037,1.36,
25-Aug-18,9.835266113,0,10.174,1.365,
26-Aug-18,354.6878671,3470,-,1.365,
27-Aug-18,9.935780133,0,10.002,1.37,
28-Aug-18,11.96408989,19.601,11.747,1.38,
29-Aug-18,12.1569303,15.219,14.813,1.39,
30-Aug-18,10.82318863,13.778,14.797,1.39,
31-Aug-18,13.36782466,13.499,15.131,1.41,
01-Sep-18,11.8020405,15.532,18.495,1.41,
02-Sep-18,5.934438922,0,-,1.42,
03-Sep-18,12.1249177,0,21.654,1.41,
04-Sep-18,24.78403302,126.88,15.387,1.358,
05-Sep-18,17.6491737,52.83,12.593,1.37,
06-Sep-18,22.18758164,110.71,10.944,1.345,
07-Sep-18,17.7616228,67.23,7.371,1.28,
08-Sep-18,20.0736916,69.03,2.659,1.28,
09-Sep-18,19.47396122,71.75,-,1.3,
10-Sep-18,13.50666407,0,8.887,1.34,
11-Sep-18,20.43076128,71.51,10.074,1.37,
12-Sep-18,20.46378622,69.67,17.387,1.42,
13-Sep-18,17.88696567,68.7,-,1.44,
14-Sep-18,12.08703132,17.089,21.536,1.44,
15-Sep-18,21.77698262,19.743,22.179,1.44,
16-Sep-18,24.03011391,20.13,-,1.43,
17-Sep-18,20.1042821,0,20.569,1.43,
18-Sep-18,15.11738289,13.533,43.14,1.54,
19-Sep-18,15.74926533,17.65,45.3,1.51,
20-Sep-18,13.36697414,16.236,31.982,1.49,
21-Sep-18,10.34040018,15.057,-,1.49,
22-Sep-18,18.37749106,14.094,31.779,1.45,
23-Sep-18,13.48483674,13.245,-,1.41,
24-Sep-18,14.02556025,0,19.307,1.46,
25-Sep-18,21.1092376,30.476,43.26,1.53,
26-Sep-18,400.0401441,3861,44.79,1.52,
27-Sep-18,20.90564606,72.34,39.391,1.5,
28-Sep-18,23.00115478,66.6,43.86,1.53,
29-Sep-18,29.48186308,108.13,43.22,1.55,
30-Sep-18,14.26012044,0,-,1.54,
01-Oct-18,21.27842935,72.5,32.151,1.48,
02-Oct-18,19.45755556,69,-,1.47,
03-Oct-18,16.4890665,31.393,25.093,1.45,
04-Oct-18,48.77471623,375.1300236,25.166,1.42,
05-Oct-18,405.3106746,3910.714286,22.331,1.48,
06-Oct-18,12.56790354,0,32.886,1.45,
07-Oct-18,381.7225797,3719.534884,-,1.41,
08-Oct-18,25.91715764,71,23.175,1.42,
09-Oct-18,464.5706525,3962.439024,21.977,1.43,
10-Oct-18,588.1737524,5666.333333,25.82,1.42,
11-Oct-18,723.1287642,6306.551724,18.769,1.41,
12-Oct-18,724.0225917,6284,20.501,1.41,
13-Oct-18,689.2588351,6656.551724,18.137,1.41,
14-Oct-18,744.5781852,7290.714286,-,1.42,
15-Oct-18,27.9978217,140,27.911,1.44,
16-Oct-18,751.6569809,6643.103448,25.824,1.42,
17-Oct-18,634.8154484,6212.903226,20.33,1.43,
18-Oct-18,11.00673073,0,-,1.43,
19-Oct-18,400.0713564,3921.219512,-,1.41,
20-Oct-18,308.1902274,2986.734694,22.411,1.42,
21-Oct-18,297.6380599,2897.2,-,1.41,
22-Oct-18,11.50276256,0,22.347,1.4,
23-Oct-18,332.0662197,2903.8,21.323,1.39,
24-Oct-18,10.32523982,17.371,19.062,1.38,
25-Oct-18,9.88978075,15.294,10.694,1.35,
26-Oct-18,11.07153465,13.746,9.822,1.34,
27-Oct-18,14.11009875,13.122,9.565,1.34,
28-Oct-18,15.52720939,15.125,-,1.34,
29-Oct-18,16.91362325,0,9.079,1.35,
30-Oct-18,17.31923384,15.227,10.617,1.37,
31-Oct-18,17.18935576,14.743,12.41,1.37,
01-Nov-18,13.80995644,14.775,12.283,491.37,
02-Nov-18,17.40930392,13.01,11.407,491.36,
03-Nov-18,15.94427044,19.876,11.59,491.35,
04-Nov-18,15.51777706,18.01,-,491.34,
05-Nov-18,19.58590512,18.5,7.554,491.33,
06-Nov-18,22.86754456,17.827,-,491.34,
07-Nov-18,19.46759053,17.89,11.945,491.39,
08-Nov-18,16.99168337,19.743,18.441,491.4,
09-Nov-18,15.51273827,18.903,17.403,491.38,
10-Nov-18,25.91609444,17.55,12.398,491.34,
11-Nov-18,18.64389961,19.998,-,491.32,
12-Nov-18,17.84908785,16.5,6.932,491.3,
13-Nov-18,18.9396513,19.204,4.609,491.3,
14-Nov-18,17.12411256,18.365,5.608,491.3,
15-Nov-18,16.21784584,17.947,2.727,491.34,
16-Nov-18,14.85241755,16.485,12.661,491.37,
17-Nov-18,13.91393296,18.029,12.059,491.36,
18-Nov-18,11.94087527,19.463,-,491.37,
19-Nov-18,18.82387365,52,17.776,491.37,
20-Nov-18,16.74668662,18.874,12.704,491.34,
21-Nov-18,15.30475174,16.27,-,491.37,
22-Nov-18,14.88799141,15.037,16.345,491.37,
23-Nov-18,14.4639936,14.926,-,491.4,
24-Nov-18,15.5038245,16.252,18.835,491.41,
25-Nov-18,13.00993794,16.012,-,491.43,
26-Nov-18,14.93229101,16.5,17.813,491.38,
27-Nov-18,17.36408406,16.607,12.853,491.38,
28-Nov-18,15.74698486,17.227,18.6,491.4,
29-Nov-18,13.70721884,16.636,15.2,491.38,
30-Nov-18,11.06770821,17.296,12.368,491.37,
01-Dec-18,11.09826992,14.607,12.233,491.37,
02-Dec-18,13.96316174,52,-,491.37,
03-Dec-18,15.33176156,48.5,12.504,491.38,
04-Dec-18,12.95899997,26.204,11.688,491.38,
05-Dec-18,11.71413504,18.764,15.007,491.38,
06-Dec-18,11.65559222,22.956,15.278,491.38,
07-Dec-18,11.355363,23.281,12.485,491.39,
08-Dec-18,11.95411565,21.087,18.084,491.4,
09-Dec-18,10.09689334,19.79,-,491.4,
10-Dec-18,11.89572899,19,14.194,491.38,
11-Dec-18,9.620402033,21.277,13.042,491.37,
12-Dec-18,9.76646752,20.067,11.349,491.35,
13-Dec-18,8.104257833,17.869,10.661,491.35,
14-Dec-18,9.11365098,18.105,13.731,491.36,
15-Dec-18,9.72202461,18.591,10.644,491.36,
16-Dec-18,12.81134646,17.232,-,491.39,
17-Dec-18,9.92306809,16,16.092,491.39,
18-Dec-18,8.766213978,15.563,12.604,491.32,
19-Dec-18,8.34522729,12.442,7.877,491.32,
20-Dec-18,9.40451113,18.97,11.787,491.33,
21-Dec-18,8.58327821,18.32,12.234,491.33,
22-Dec-18,7.86981913,18.231,11.036,491.32,
23-Dec-18,6.90214749,27.938,-,491.3,
24-Dec-18,8.92661826,23.5,8.388,491.32,
25-Dec-18,5.52775,0,-,491.35,
26-Dec-18,8.76366757,22.528,11.637,491.33,
27-Dec-18,7.94706059,18.908,8.583,491.31,
28-Dec-18,7.72497336,19.095,7.762,491.3,
29-Dec-18,7.87260595,18.183,8.114,491.32,
30-Dec-18,5.78551684,17.375,-,491.34,
31-Dec-18,7.37482314,17.5,14.898,491.34,45.3
01-Jan-19,7.031915144,18.382,8.482,491.31,
02-Jan-19,6.68652229,17.836,8,491.31,
03-Jan-19,6.64045186,17.28,8.47,491.31,
04-Jan-19,7.51873589,17.447,14.419,491.34,
05-Jan-19,7.94241225,16.702,9.125,491.31,
06-Jan-19,10.21033122,17.867,-,491.3,
07-Jan-19,7.91373425,0,8.378,491.31,
08-Jan-19,8.306611767,17.8,6.605,491.3,
09-Jan-19,8.26172506,17.553,8.255,491.31,
10-Jan-19,7.99469869,16.614,12.733,491.33,
11-Jan-19,6.817046404,16.685,12.018,491.33,
12-Jan-19,6.2883084,16.251,10.636,491.32,
13-Jan-19,5.4689216,16.35,-,491.31,
14-Jan-19,4.597203267,0,7.82,491.31,
15-Jan-19,5.393332467,14.11,-,491.3,
16-Jan-19,7.13728926,14.08,10.614,491.33,
17-Jan-19,7.07560078,16.04,10.324,491.31,
18-Jan-19,6.500477054,15.78,7.688,491.3,
19-Jan-19,6.01590831,11.28,6.042,491.3,
20-Jan-19,5.790203105,11.192,-,491.3,
21-Jan-19,4.78388647,0,6.517,491.3,
22-Jan-19,5.200174733,10.53,8.127,491.31,
23-Jan-19,5.675349384,13.368,9.365,491.32,
24-Jan-19,5.73359365,13.734,9.423,491.32,
25-Jan-19,4.86642153,8.082,7.734,491.3,
26-Jan-19,2.809555556,0,-,491.3,
27-Jan-19,3.79059561,3.858,-,491.3,
28-Jan-19,4.128295195,0,6.893,491.3,
29-Jan-19,5.106759067,8.205,7.973,491.31,
30-Jan-19,5.211268,7.137,13.144,491.35,
31-Jan-19,6.42378555,15.541,14.688,491.38,
01-Feb-19,5.15631662,11.521,8.122,981.31,
02-Feb-19,5.5435977,10.96,13.028,981.35,
03-Feb-19,3.87280819,11.278,-,981.31,
04-Feb-19,3.41996131,0,8.347,981.31,
05-Feb-19,3.3775089,7.964,1.896,981.23,
06-Feb-19,3.31939026,8.665,2.295,981.35,
07-Feb-19,4.18001874,8.02,7.784,981.31,
08-Feb-19,4.11399668,9.093,6.553,981.29004,
09-Feb-19,3.755659,8.974,6.505,981.29004,
10-Feb-19,3.0714775,9.212,-,981.32,
11-Feb-19,3.4368688,0,12.613,981.36,
12-Feb-19,5.324793811,9.88,14.765,981.37,
13-Feb-19,4.23859804,8.861,11.397,981.33997,
14-Feb-19,4.041630143,8.724,10.496,981.33997,
15-Feb-19,3.850552871,9.195,10.691,981.33997,
16-Feb-19,3.52591187,8.062,10.744,981.33997,
17-Feb-19,2.205885045,8.044,-,981.32,
18-Feb-19,2.194511423,0,6.296,981.3,
19-Feb-19,2.785950233,8.8,1.942,981.3,
20-Feb-19,3.61292068,7.97,11.062,981.35,
21-Feb-19,3.68869117,7.67,10.736,981.32996,
22-Feb-19,4.130573637,8.034,5.271,981.29004,
23-Feb-19,3.43121463,7.461,1.864,981.1,
24-Feb-19,2.891495833,7.932,-,980.99,
25-Feb-19,1.66791562,0,-,490.84,
26-Feb-19,2.529677022,7.89,-,490.81,
27-Feb-19,2.569325414,8.825,-,490.74,
28-Feb-19,2.94330443,7.631,6.712,491.39,
01-Mar-19,2.75277044,7.548,-,1.35,
02-Mar-19,2.613473195,7.494,-,1.27,
03-Mar-19,3.19534108,7.382,-,1.15,
04-Mar-19,1.963483835,0,-,1.13,
05-Mar-19,2.664568561,6.541,-,1.05,
06-Mar-19,2.670764556,6.3,-,1.18,
07-Mar-19,3.03457948,6.656,-,1.29,
08-Mar-19,3.043104416,6.471,-,1.3,
09-Mar-19,3.377671745,6.513,-,1.12,
10-Mar-19,2.444562534,6.417,-,1.03,
11-Mar-19,1.7820137,0,-,1.02,
12-Mar-19,2.148909829,6.255,-,0.77,
13-Mar-19,2.533515334,6.078,-,1.16,
14-Mar-19,2.554398048,6.295,-,1.27,
15-Mar-19,2.569008577,6.041,-,1.17,
16-Mar-19,2.725921066,6.3,-,1.15,
17-Mar-19,3.082041367,12.862,-,1.17,
18-Mar-19,1.7542542,0,-,1.16,
19-Mar-19,3.054782296,11.197,-,1.16,
20-Mar-19,3.086014715,10.865,-,1.16,
21-Mar-19,3.32917363,11.227,-,0.89,
22-Mar-19,3.707625955,11.138,-,0.81,
23-Mar-19,3.954884097,10.715,-,0.8,
24-Mar-19,3.831787577,10.474,-,0.79,
25-Mar-19,3.031691114,0,-,1.08,
26-Mar-19,4.178954028,8.939,-,1.32,
27-Mar-19,3.534392261,9.169,-,1.3,
28-Mar-19,3.382806471,8.827,-,1.25,
29-Mar-19,2.473243386,0,-,1.11,
30-Mar-19,1.92829831,0,-,1.03,
31-Mar-19,2.534872893,9.461,-,1.12,
01-Apr-19,1.46391007,0,-,1.27,
02-Apr-19,2.891184791,13.671,-,1.17,
03-Apr-19,2.11364973,9.73,-,1.14,
04-Apr-19,2.968831944,10.162,-,1.16,
05-Apr-19,2.829265778,9.743,-,1.18,
06-Apr-19,2.306790549,7.997,-,1.18,
07-Apr-19,2.422175244,17.593,-,1.14,
08-Apr-19,0.528330177,0,-,1.05,
09-Apr-19,2.431372327,16.147,-,1.04,
10-Apr-19,2.316172422,15.72,-,1,
11-Apr-19,2.282621807,13.507,-,0.96,
12-Apr-19,2.367695592,12.103,-,1,
13-Apr-19,2.69964074,11.343,-,0.97,
14-Apr-19,2.942018052,11.716,-,0.85,
15-Apr-19,1.70124772,0,-,0.86,
16-Apr-19,2.81863346,9.335,-,0.81,
17-Apr-19,3.272582424,9.4,-,0.76,
18-Apr-19,3.36772661,9.501,-,0.73,
19-Apr-19,6.942443294,9.413,-,1.15,
20-Apr-19,6.685579956,9.383,-,1.32,
21-Apr-19,3.816812095,13.614,-,1.23,
22-Apr-19,2.19708062,0,-,1.35,
23-Apr-19,3.220162011,11.502,-,1.4,
24-Apr-19,3.45629351,8.38,-,1.38,
25-Apr-19,4.94348472,13.72,-,1.37,
26-Apr-19,6.08915189,13.267,-,1.35,
27-Apr-19,7.44587995,13.559,-,1.31,
28-Apr-19,5.745120347,11.704,-,1.32,
29-Apr-19,4.790669396,0,-,1.28,
30-Apr-19,5.015084784,0,-,1.28,
01-May-19,6.333628181,12.883,-,1.28,
02-May-19,7.630224089,13.366,-,1.27,
25-Jun-19,6.844886571,9.185,-,491.32,
26-Jun-19,4.226012125,9.804,-,491.33,
27-Jun-19,6.79355614,12.343,-,491.32,
28-Jun-19,8.31570831,14.938,-,491.34,
29-Jun-19,7.36672094,14.924,-,491.36,
30-Jun-19,7.48998855,14.766,-,491.35,
01-Jul-19,6.15697576,0,-,1.31,
02-Jul-19,6.746584822,13.237,-,1.29,
03-Jul-19,5.500185911,14.026,-,1.27,
04-Jul-19,4.85512865,13.304,-,1.13,
05-Jul-19,5.925373389,13.124,-,0.89,
06-Jul-19,6.555122789,12.498,-,0.78,
07-Jul-19,6.176009604,13.249,-,0.79,
08-Jul-19,4.541301167,0,-,0.79,
09-Jul-19,5.705702988,12.113,-,0.75,
10-Jul-19,4.680738622,9.244,-,0.74,
11-Jul-19,4.684729278,13.242,-,0.7,
12-Jul-19,4.436233478,13.609,-,0.66,
13-Jul-19,4.353114044,12.866,-,0.6,
14-Jul-19,4.343401789,12.629,-,0.55,
15-Jul-19,2.842272267,0,-,0.53,
16-Jul-19,4.062554846,18.481,-,0.49,
17-Jul-19,4.985946489,17.989,-,0.4,
18-Jul-19,4.52038816,13.845,-,0.65,
19-Jul-19,3.758010084,10.991,-,1.29,
20-Jul-19,3.654824556,8.612,-,1.29,
21-Jul-19,3.638961572,7.992,-,1.26,
22-Jul-19,4.097991976,0,-,1.25,
23-Jul-19,7.056964939,10.042,-,1.31,
24-Jul-19,7.866136267,9.848,-,1.32,
25-Jul-19,7.70911895,10.517,-,1.27,
26-Jul-19,7.56233358,10.087,-,1.29,
27-Jul-19,14.14287883,13.087,-,1.25,
28-Jul-19,10.32136656,18.335,-,1.21,
29-Jul-19,6.31179442,0,-,1.09,
30-Jul-19,10.9800723,10.369,-,1.13,
31-Jul-19,4.857627422,10.829,-,1.29,
01-Aug-19,10.75408664,10.485,-,491.23,
02-Aug-19,7.83862503,10.267,-,491.28,
03-Aug-19,7.33930833,9.872,-,491.08,
04-Aug-19,6.79046253,10.935,-,490.85,
05-Aug-19,5.45826657,0,-,490.71,
06-Aug-19,4.542489289,11.569,-,490.69,
07-Aug-19,4.279321939,13.738,-,491.31,
08-Aug-19,4.41269198,13.399,-,491.28,
09-Aug-19,4.81192097,13.813,-,491.21,
10-Aug-19,6.24654397,13.316,-,491.27,
11-Aug-19,6.24884564,16.874,-,491.16,
12-Aug-19,3.342702495,0,-,491.26,
13-Aug-19,4.0839382,13.811,-,491.3,
14-Aug-19,4.488184378,10.673,-,0,
15-Aug-19,3.294125,0,-,0,
16-Aug-19,267.0830524,10.184,-,0,
17-Aug-19,308.3998933,12.803,-,0,
18-Aug-19,144.9519151,12.762,-,0,
19-Aug-19,7.41328366,0,-,0,
20-Aug-19,10.61878338,13.144,-,0,
20-Sep-19,9.815974145,31.982,-,0,
21-Sep-19,7.202400176,0,-,0,
22-Sep-19,11.40588406,31.779,-,0,
23-Sep-19,7.53079924,0,-,0,
24-Sep-19,9.38993336,19.307,-,0,
25-Sep-19,15.05479316,43.26,-,0,
26-Sep-19,395.8765781,44.79,-,0,
27-Sep-19,17.46064606,39.391,-,0,
28-Sep-19,19.55615478,43.86,-,0,
29-Sep-19,27.32751588,43.22,-,0,
30-Sep-19,13.64692873,0,-,0,
01-Oct-19,20.82110985,32.151,-,0,
02-Oct-19,18.33977778,0,-,0,
03-Oct-19,16.01322994,25.093,-,0,
04-Oct-19,48.19011623,25.166,-,0,
05-Oct-19,403.6543088,22.331,-,0,
06-Oct-19,11.76380788,32.886,-,0,
07-Oct-19,380.9179705,0,-,0,
08-Oct-19,25.13875764,23.175,-,0,
09-Oct-19,463.7060525,21.977,-,0,
10-Oct-19,587.3427326,25.82,-,0,
11-Oct-19,722.5177642,18.769,-,0,
12-Oct-19,723.4191864,20.501,-,0,
13-Oct-19,688.7738078,18.137,-,0,
14-Oct-19,744.1687652,0,-,0,
15-Oct-19,27.3559523,27.911,-,0,
16-Oct-19,751.0298521,25.824,-,0,
17-Oct-19,633.9051484,20.33,-,0,
18-Oct-19,10.18784184,0,-,0,
19-Oct-19,398.5306047,0,-,0,
20-Oct-19,307.2633018,22.411,-,0,
21-Oct-19,296.6333508,0,-,0,
22-Oct-19,10.54808089,22.347,-,0,
23-Oct-19,331.0463874,21.323,-,0,
24-Oct-19,10.10928244,19.062,-,0,
25-Oct-19,9.75288075,10.694,-,0,
26-Oct-19,10.9438881,9.822,-,0,
27-Oct-19,13.98595848,9.565,-,0,
28-Oct-19,15.41780742,0,-,0,
29-Oct-19,16.74238381,9.079,-,0,
30-Oct-19,17.11641089,10.617,-,0,
31-Oct-19,16.71098746,12.41,-,0,
01-Nov-19,13.29365644,12.283,-,0,
02-Nov-19,16.82470392,11.407,-,0,
03-Nov-19,15.4770508,11.59,-,0,
04-Nov-19,15.0174685,0,-,0,
05-Nov-19,18.96158657,7.554,-,0,
06-Nov-19,22.08710522,0,-,0,
07-Nov-19,18.86660038,11.945,-,0,
08-Nov-19,16.25468337,18.441,-,0,
09-Nov-19,14.21393837,17.403,-,0,
10-Nov-19,23.93429544,12.398,-,0,
11-Nov-19,16.76801441,0,-,0,
12-Nov-19,15.66118715,6.932,-,0,
13-Nov-19,16.94114519,4.609,-,0,
14-Nov-19,15.12885633,5.608,-,0,
15-Nov-19,14.40584584,2.727,-,0,
16-Nov-19,12.98890935,12.661,-,0,
17-Nov-19,13.32722599,12.059,-,0,
18-Nov-19,11.40387562,0,-,0,
19-Nov-19,16.64374655,17.776,-,0,
21-Nov-19,13.29383254,0,0,0,
22-Nov-19,13.07599141,16.345,-,0,
23-Nov-19,13.4260381,0,-,0,
24-Nov-19,14.4278781,18.835,-,0,
25-Nov-19,11.95159604,0,-,0,
26-Nov-19,13.93945111,17.813,-,0,
27-Nov-19,16.25361222,12.853,-,0,
28-Nov-19,15.16238486,18.6,-,0,
29-Nov-19,13.25451884,15.2,-,0,
30-Nov-19,10.70722483,12.368,-,0,
01-Dec-19,10.76612957,12.233,-,0,
02-Dec-19,13.47622724,0,-,0,
03-Dec-19,14.74772058,12.504,-,0,
04-Dec-19,12.30328456,11.688,-,0,
05-Dec-19,11.09351534,15.007,-,0,
06-Dec-19,11.00999222,15.278,-,0,
07-Dec-19,10.7545911,12.485,-,0,
08-Dec-19,11.38494745,18.084,-,0,
09-Dec-19,8.66269734,0,-,0,
10-Dec-19,10.83641509,14.194,-,0,
11-Dec-19,9.0867573,13.042,-,0,
12-Dec-19,9.38534104,11.349,-,0,
13-Dec-19,7.648480056,10.661,-,0,
14-Dec-19,8.72918786,13.731,-,0,
15-Dec-19,9.49294138,10.644,-,0,
16-Dec-19,12.5751298,0,-,0,
17-Dec-19,9.37944109,16.092,-,0,
18-Dec-19,7.6340062,12.604,-,0,
19-Dec-19,7.31415799,7.877,-,0,
20-Dec-19,8.56431113,11.787,-,0,
23-Dec-19,6.28415723,0,-,0,
27-Dec-19,7.46666059,8.583,-,0,
28-Dec-19,7.24457336,7.762,-,0,
29-Dec-19,7.41034508,8.114,-,0,
30-Dec-19,5.31344874,0,-,0,
31-Dec-19,6.93171114,14.898,-,0,14.765
01-Jan-20,6.5420314,8.482,-,0,
02-Jan-20,6.24337592,8,-,0,
03-Jan-20,6.19705186,8.47,-,0,
04-Jan-20,7.09516999,14.419,-,0,
05-Jan-20,7.52383465,9.125,-,0,
06-Jan-20,6.85551622,0,-,0,
07-Jan-20,6.30231725,8.378,-,0,
08-Jan-20,7.599806544,6.605,-,0,
09-Jan-20,7.78991436,8.255,-,0,
10-Jan-20,7.72159869,12.733,-,0,
11-Jan-20,6.699921274,12.018,-,0,
12-Jan-20,6.07496602,10.636,-,0,
13-Jan-20,5.3643216,0,-,0,
14-Jan-20,4.357758822,7.82,-,0,
15-Jan-20,5.170995967,0,-,0,
16-Jan-20,6.93575711,10.614,-,0,
17-Jan-20,6.86010078,10.324,-,0,
18-Jan-20,6.299693894,7.688,-,0,
19-Jan-20,5.81776775,6.042,-,0,
20-Jan-20,5.591567445,0,-,0,
21-Jan-20,4.56543886,6.517,-,0,
22-Jan-20,4.861730289,8.127,-,0,
23-Jan-20,5.529991604,9.365,-,0,
24-Jan-20,5.42899365,9.423,-,0,
14-Feb-20,3.768530143,10.496,-,0,
15-Feb-20,3.721349901,10.691,-,0,
17-Feb-20,2.063272585,0,-,0,
18-Feb-20,2.056001613,6.296,-,0,
19-Feb-20,2.638484133,1.942,-,0,
20-Feb-20,3.43848178,11.062,-,0,
21-Feb-20,3.44529117,10.736,-,490.77,
25-Feb-20,1.53180081,0,-,0,
26-Feb-20,2.335906589,0,-,0,
29-Feb-20,2.67020443,6.712,-,491.24,
02-Mar-20,2.470499615,0,-,491.2,
03-Mar-20,3.06636632,0,-,491.2,
04-Mar-20,1.847262105,0,-,491.14,
05-Mar-20,2.50905535,0,-,491.15,
06-Mar-20,2.542593246,0,-,491.15,
07-Mar-20,2.89207948,0,-,491.17,
08-Mar-20,2.914167736,0,-,491.18,
09-Mar-20,3.261519875,0,-,491.15,
11-Mar-20,1.65567382,0,-,491.28,
12-Mar-20,2.018863529,0,-,491.28,
13-Mar-20,2.419203344,0,-,491.16,
14-Mar-20,2.432698048,0,-,490.94,
15-Mar-20,2.461159177,0,-,490.83,
16-Mar-20,2.613254396,0,-,490.82,
17-Mar-20,2.961179197,0,-,490.8,
18-Mar-20,1.62718659,0,-,490.8,
19-Mar-20,2.918247818,0,-,490.78,
20-Mar-20,2.970018845,0,-,490.75,
21-Mar-20,3.22217363,0,-,490.73,
22-Mar-20,3.610780465,0,-,490.72,
23-Mar-20,3.840659827,0,-,490.68,
24-Mar-20,3.742169252,0,-,490.65,
04-Apr-20,2.849943056,0,-,0,
05-Apr-20,2.710212811,0,-,0,
15-Apr-20,1.52686667,0,-,0,
20-Apr-20,6.518155026,0,-,490.65,
21-Apr-20,3.596888715,0,-,490.65,
22-Apr-20,2.02302416,0,-,490.61,
23-Apr-20,3.064282967,0,-,490.6,
24-Apr-20,3.28036544,0,-,490.6,
25-Apr-20,4.75408472,0,-,490.58,
26-Apr-20,5.91185691,0,-,490.58,
27-Apr-20,7.21205675,0,-,490.55,
28-Apr-20,5.547817957,0,-,490.54,
29-Apr-20,4.618988496,0,-,490.56,
30-Apr-20,4.866597084,0,-,490.62,
01-May-20,5.710321514,0,-,491.11,
02-May-20,5.835779644,0,-,491.14,
03-May-20,5.9560525,0,-,491.14,
04-May-20,7.831219875,0,-,491.12,
05-May-20,7.285269466,0,-,491.1,
06-May-20,4.484497875,0,-,0,
07-May-20,7.505224719,0,-,491.04,
08-May-20,7.014238413,0,-,491.02,
09-May-20,6.54109105,0,-,491.01,
10-May-20,5.329925175,0,-,490.98,
11-May-20,4.099612611,0,-,490.98,
12-May-20,4.1792887,0,-,490.97,
13-May-20,2.433218122,0,-,491.02,
14-May-20,4.136842688,0,-,490.99,
15-May-20,6.778891989,0,-,490.98,
16-May-20,7.216649833,0,-,490.98,
17-May-20,7.73242933,0,-,490.95,
18-May-20,8.493087056,0,-,490.94,
19-May-20,10.24353333,0,-,490.98,
20-May-20,9.375635411,0,-,491.06,
21-May-20,10.60068924,0,-,491.13,
22-May-20,12.19793358,0,-,491.15,
23-May-20,11.78911314,0,-,491.17,
24-May-20,11.41985628,0,-,0,
25-May-20,9.281538544,0,-,491.29,
26-May-20,9.885306033,0,-,491.3,
27-May-20,6.249413175,0,-,491.29,
28-May-20,9.591341125,0,-,491.28,
29-May-20,12.07584206,0,-,491.33,
30-May-20,8.068270538,0,-,491.4,
31-May-20,11.16205928,0,-,491.4,
01-Jun-20,11.14182908,0,-,491.39,
02-Jun-20,12.21717556,0,-,491.4,
03-Jun-20,16.07291567,0,-,491.37,
04-Jun-20,19.48430925,0,-,491.35,
05-Jun-20,17.73024435,0,-,491.33,
06-Jun-20,16.01928556,0,-,491.3,
07-Jun-20,14.33949147,0,-,491.3,
08-Jun-20,14.54784011,0,-,491.29,
09-Jun-20,13.57814162,0,-,491.33,
10-Jun-20,11.0842118,0,-,491.36,
11-Jun-20,13.1710802,0,-,491.35,
12-Jun-20,10.28972641,0,-,491.36,
13-Jun-20,10.92998344,0,-,491.34,
14-Jun-20,9.942001878,0,-,491.35,
15-Jun-20,10.4211265,0,-,491.35,
16-Jun-20,8.762385222,0,-,491.35,
17-Jun-20,8.741126578,0,-,491.37,
18-Jun-20,7.081443625,0,-,491.33,
19-Jun-20,6.924235025,0,-,491.3,
20-Jun-20,9.103322411,0,-,491.3,
21-Jun-20,8.072003833,0,-,491.3,
22-Jun-20,7.188572744,0,-,491.3,
23-Jun-20,8.945885756,0,-,491.29,
24-Jun-20,6.937077767,0,-,491.29,
25-Jun-20,6.693108793,0,-,491.31,
26-Jun-20,3.721963875,0,-,491.3,
27-Jun-20,6.14845614,0,-,491.24,
28-Jun-20,7.68948184,0,-,491.13,
29-Jun-20,6.70745237,0,-,490.95,
30-Jun-20,6.85393745,0,-,490.86,
01-Jul-20,5.5248685,0,-,491.06,
02-Jul-20,5.009931378,0,-,491.13,
03-Jul-20,4.803528689,0,-,491.16,
04-Jul-20,4.27832865,0,-,491.18,
05-Jul-20,5.527982578,0,-,491.25,
06-Jul-20,6.347398744,0,-,491.32,
07-Jul-20,6.030119549,0,-,491.36,
08-Jul-20,4.306855678,0,-,491.35,
09-Jul-20,4.934549775,0,-,491.33,
10-Jul-20,4.107814511,0,-,491.33,
11-Jul-20,4.219284833,0,-,491.35,
12-Jul-20,3.9665325,0,-,491.39,
13-Jul-20,3.926891822,0,-,491.4,
14-Jul-20,4.100068456,0,-,491.38,
15-Jul-20,2.698021622,0,-,491.36,
16-Jul-20,3.989804846,0,-,491.34,
17-Jul-20,4.976946489,0,-,491.32,
18-Jul-20,4.50728816,0,-,491.32,
19-Jul-20,3.581090974,0,-,491.35,
20-Jul-20,3.158819496,0,-,491.36,
21-Jul-20,3.158241152,0,-,491.39,
22-Jul-20,3.546719206,0,-,491.39,
23-Jul-20,6.514703939,0,-,491.41,
24-Jul-20,7.403740044,0,-,491.4,
25-Jul-20,7.30801895,0,-,491.37,
26-Jul-20,7.2099806,0,-,491.4,
27-Jul-20,13.7071901,0,-,491.39,
28-Jul-20,9.89447126,0,-,491.35,
29-Jul-20,5.87372155,0,-,491.37,
30-Jul-20,10.30122352,0,-,491.37,
31-Jul-20,4.237969,0,-,491.35,
01-Aug-20,10.25968664,0,-,491.32,
02-Aug-20,7.4143164,0,-,491.32,
03-Aug-20,6.38620803,0,-,491.33,
04-Aug-20,5.84917073,0,-,491.36,
05-Aug-20,4.52355427,0,-,491.36,
06-Aug-20,3.853155956,0,-,491.35,
07-Aug-20,3.429248494,0,-,491.33,
08-Aug-20,3.93769198,0,-,491.32,
09-Aug-20,4.67902996,0,-,491.3,
10-Aug-20,6.22544397,0,-,491.3,
11-Aug-20,6.23484564,0,-,491.3,
12-Aug-20,3.275802495,0,-,491.29,
13-Aug-20,4.025382644,0,-,491.28,
14-Aug-20,3.949319978,0,-,491.26,
15-Aug-20,2.369125,0,-,491.24,
16-Aug-20,265.8386344,0,-,491.24,
17-Aug-20,307.3906117,0,-,491.2,
18-Aug-20,144.4848254,0,-,491.17,
19-Aug-20,7.18526969,0,-,491.16,
20-Aug-20,10.52667227,0,-,491.14,
21-Aug-20,14.44357763,0,-,491.12,
22-Aug-20,10.11441741,0,-,491.05,
23-Aug-20,10.5080117,0,-,490.96,
24-Aug-20,9.690434,0,-,490.91,
25-Aug-20,8.531511271,0,-,490.97,
26-Aug-20,390.803914,0,-,491.07,
27-Aug-20,7.02700115,0,-,491.12,
28-Aug-20,10.05367075,0,-,491.15,
29-Aug-20,10.444367,0,-,491.17,
30-Aug-20,10.0266347,0,-,491.17,
31-Aug-20,13.70834811,0,-,491.24,
01-Sep-20,12.41937311,0,-,491.34,
02-Sep-20,5.458887375,0,-,491.33,
03-Sep-20,13.11089546,0,-,491.35,
04-Sep-20,26.89804702,0,-,491.39,
05-Sep-20,18.75463456,0,-,491.39,
06-Sep-20,23.46994127,0,-,491.37,
07-Sep-20,18.47843331,0,-,491.38,
08-Sep-20,21.07112083,0,-,491.35,
09-Sep-20,21.0351855,0,-,491.34,
10-Sep-20,13.75360058,0,-,491.33,
11-Sep-20,22.27668388,0,-,491.41,
12-Sep-20,22.72413515,0,-,491.45,
13-Sep-20,19.82783638,0,-,491.48,
14-Sep-20,12.72235432,0,-,491.5,
15-Sep-20,21.15095241,0,-,491.44,
16-Sep-20,15.12598323,0,-,491.39,
17-Sep-20,12.47594311,0,-,491.32,
18-Sep-20,12.91209163,0,-,491.33,
19-Sep-20,13.21269103,0,-,491.32,
20-Sep-20,9.814174145,0,-,491.32,
21-Sep-20,6.578199836,0,-,491.31,
22-Sep-20,10.7768853,0,-,491.3,
23-Sep-20,6.99653658,0,-,491.36,
24-Sep-20,8.697857249,0,-,491.31,
25-Sep-20,13.92992293,0,-,491.31,
26-Sep-20,395.0097781,0,-,491.26,
27-Sep-20,16.69330896,0,-,491.25,
28-Sep-20,17.86593168,0,-,491.27,
29-Sep-20,25.31995918,0,-,491.31,
30-Sep-20,11.44625618,0,-,491.37,
01-Oct-20,19.53310985,0,-,491.38,
02-Oct-20,16.90866667,0,-,491.38,
03-Oct-20,14.72522994,0,-,491.42,
04-Oct-20,47.51414293,0,-,491.41,
05-Oct-20,403.2577088,0,-,491.39,
06-Oct-20,11.43371736,0,-,491.35,
07-Oct-20,380.451962,0,-,491.31,
08-Oct-20,22.80470494,0,-,491.31,
09-Oct-20,461.1755558,0,-,491.35,
10-Oct-20,585.8087326,0,-,491.39,
11-Oct-20,720.119758,0,-,491.36,
12-Oct-20,721.145909,0,-,491.46,
13-Oct-20,688.0548968,0,-,491.46,
14-Oct-20,743.4872057,0,-,491.43,
15-Oct-20,26.6723523,0,-,491.38,
16-Oct-20,750.2226966,0,-,491.33,
17-Oct-20,632.7971484,0,-,491.32,
18-Oct-20,7.4199424,0,-,491.33,
19-Oct-20,397.573122,0,-,491.36,
20-Oct-20,306.3684612,0,-,491.35,
21-Oct-20,295.877909,0,-,491.42,
22-Oct-20,10.15141422,0,-,491.45,
23-Oct-20,330.9542763,0,-,491.46,
24-Oct-20,10.02638244,0,-,491.49,
25-Oct-20,9.68598075,0,-,491.51,
26-Oct-20,10.9034881,0,-,491.47,
27-Oct-20,13.78409518,0,-,491.48,
28-Oct-20,14.85290692,0,-,491.46,
29-Oct-20,16.12023419,0,-,491.42,
30-Oct-20,16.68280209,0,-,491.39,
31-Oct-20,16.35398746,0,-,491.4,
01-Nov-20,12.40864714,0,-,491.38,
02-Nov-20,15.11646892,0,-,491.38,
03-Nov-20,13.8712712,0,-,491.35,
04-Nov-20,13.4566427,0,-,491.31,
05-Nov-20,17.26958657,0,-,491.31,
06-Nov-20,20.33628511,0,-,491.33,
07-Nov-20,17.00660038,0,-,491.36,
08-Nov-20,12.82180407,0,-,491.36,
09-Nov-20,10.86096897,0,-,491.42,
10-Nov-20,20.08695504,0,-,491.38,
11-Nov-20,13.14431601,0,-,491.38,
12-Nov-20,12.62260455,0,-,491.36,
13-Nov-20,14.34357686,0,-,491.36,
14-Nov-20,13.24885633,0,-,491.37,
15-Nov-20,11.89708994,0,-,491.36,
16-Nov-20,10.97985005,0,-,491.37,
17-Nov-20,11.40922599,0,-,491.38,
18-Nov-20,9.37131492,0,-,491.42,
19-Nov-20,14.75983505,0,-,491.4,
20-Nov-20,13.27488595,0,-,491.39,
21-Nov-20,11.13483254,0,-,491.37,
22-Nov-20,11.46988561,0,-,491.36,
23-Nov-20,10.1143789,0,-,491.34,
24-Nov-20,12.9161142,0,-,491.31,
25-Nov-20,10.66664234,0,-,491.31,
26-Nov-20,12.69453591,0,-,491.41,
27-Nov-20,14.75221256,0,-,491.42,
28-Nov-20,13.77938486,0,-,491.39,
29-Nov-20,12.00630284,0,-,491.42,
30-Nov-20,9.81417423,0,-,491.39,
01-Dec-20,9.91552227,0,-,491.37,
02-Dec-20,12.55235604,0,-,491.36,
03-Dec-20,13.81789778,0,-,491.37,
04-Dec-20,11.401835,0,-,491.36,
05-Dec-20,10.25021534,0,-,491.37,
06-Dec-20,10.16006782,0,-,491.35,
07-Dec-20,9.9064482,0,-,491.3,
08-Dec-20,10.5770433,0,-,491.3,
09-Dec-20,7.84944454,0,-,491.4,
10-Dec-20,10.01787829,0,-,491.38,
11-Dec-20,8.187820189,0,-,491.38,
12-Dec-20,8.64204104,0,-,491.36,
13-Dec-20,6.936252556,0,-,491.33,
14-Dec-20,8.45869946,0,-,491.33,
15-Dec-20,9.21666582,0,-,491.32,
16-Dec-20,11.6445531,0,-,491.33,
17-Dec-20,8.53614109,0,-,491.31,
18-Dec-20,6.331872311,0,-,491.29,
19-Dec-20,6.33545799,0,-,491.29,
20-Dec-20,7.38749903,0,-,491.28,
21-Dec-20,7.987323344,0,-,491.29,
22-Dec-20,7.326397056,0,-,491.31,
23-Dec-20,6.07908533,0,-,491.33,
24-Dec-20,8.430152289,0,-,491.32,
25-Dec-20,4.636857143,0,-,491.32,
26-Dec-20,8.449148856,0,-,491.31,
27-Dec-20,6.68991899,0,-,491.31,
28-Dec-20,6.48839316,0,-,491.27,
29-Dec-20,6.78029528,0,-,491.25,
30-Dec-20,5.0701138,0,-,491.23,
31-Dec-20,6.71850132,0,-,491.26,0
01-Jan-21,6.300448578,0,-,491.28,
02-Jan-21,6.02957592,0,-,491.26,
03-Jan-21,5.97771163,0,-,491.27,
04-Jan-21,6.92349111,0,-,491.28,
05-Jan-21,6.88446465,0,-,491.3,
06-Jan-21,6.06512468,0,-,491.29,
07-Jan-21,5.53222801,0,-,491.32,
08-Jan-21,6.8877516,0,-,491.31,
09-Jan-21,7.13941436,0,-,491.36,
10-Jan-21,7.26068969,0,-,491.35,
11-Jan-21,6.576421274,0,-,491.36,
12-Jan-21,5.92502597,0,-,491.31,
13-Jan-21,5.16484518,0,-,491.31,
14-Jan-21,3.8621776,0,-,0,
15-Jan-21,4.632551522,0,-,491.3,
16-Jan-21,6.44935711,0,-,491.34,
17-Jan-21,6.38880371,0,-,491.33,
18-Jan-21,5.967465714,0,-,491.3,
19-Jan-21,5.41340335,0,-,491.26,
20-Jan-21,5.264169765,0,-,491.26,
21-Jan-21,4.226956,0,-,491.25,
22-Jan-21,4.752194233,0,-,491.25,
23-Jan-21,5.443291604,0,-,491.25,
24-Jan-21,5.33353618,0,-,491.25,
25-Jan-21,5.10335185,0,-,491.25,
26-Jan-21,2.723125,0,-,491.25,
27-Jan-21,3.685010267,0,-,491.25,
28-Jan-21,3.961246394,0,-,491.25,
29-Jan-21,5.022678363,0,-,491.25,
30-Jan-21,5.162186667,0,-,491.25,
31-Jan-21,6.509362456,0,-,491.15,
01-Feb-21,5.051957656,0,-,491.33,
02-Feb-21,5.494388078,0,-,491.06,
03-Feb-21,3.701256711,0,-,491.06,
04-Feb-21,3.1417796,0,-,491.03,
05-Feb-21,3.24424205,0,-,491.01,
06-Feb-21,3.197989178,0,-,491,
07-Feb-21,4.206354156,0,-,490.97,
08-Feb-21,4.142733378,0,-,490.92,
09-Feb-21,3.745203289,0,-,490.89,
10-Feb-21,3.069981844,0,-,490.9,
11-Feb-21,3.417846222,0,-,491.23,
12-Feb-21,5.430430213,0,-,491.22,
13-Feb-21,4.367604222,0,-,491.23,
14-Feb-21,3.695380986,0,-,491.15,
15-Feb-21,3.675253335,0,-,491.02,
16-Feb-21,3.708561044,0,-,490.98,
17-Feb-21,2.02033044,0,-,490.98,
18-Feb-21,2.02154795,0,-,490.97,
19-Feb-21,2.565312911,0,-,490.93,
20-Feb-21,3.38378178,0,-,490.97,
21-Feb-21,3.42419117,0,-,491.19,
22-Feb-21,3.660462274,0,-,491.26,
23-Feb-21,3.190694889,0,-,491.22,
24-Feb-21,2.348971188,0,-,491.21,
25-Feb-21,1.24595251,0,-,491.18,
26-Feb-21,2.058714556,0,-,491.15,
27-Feb-21,2.289472682,0,-,491.09,
28-Feb-21,2.678340811,0,-,491.03,
01-Mar-21,2.100982678,0,-,491.01,
02-Mar-21,1.772944545,0,-,490.99,
03-Mar-21,2.38538225,0,-,490.95,
04-Mar-21,1.689500905,0,-,490.95,
05-Mar-21,2.36853055,0,-,491.09,
06-Mar-21,2.418593246,0,-,491.23,
07-Mar-21,2.78454512,0,-,491.17,
08-Mar-21,2.812086206,0,-,491,
09-Mar-21,3.17765977,0,-,490.89,
10-Mar-21,2.493234649,0,-,490.87,
11-Mar-21,1.57161371,0,-,490.86,
12-Mar-21,1.926206818,0,-,490.85,
13-Mar-21,2.336603344,0,-,490.86,
14-Mar-21,2.366035182,0,-,490.85,
15-Mar-21,2.403276837,0,-,490.82,
16-Mar-21,2.54199324,0,-,490.77,
17-Mar-21,2.903547257,0,-,490.73,
18-Mar-21,1.5745019,0,-,491.33,
19-Mar-21,2.854560122,0,-,490.62,
20-Mar-21,2.914518845,0,-,490.57,
21-Mar-21,3.16444598,0,-,490.52,
22-Mar-21,3.504940975,0,-,490.75,
23-Mar-21,3.734820337,0,-,491.14,
24-Mar-21,3.70590632,0,-,491.11,
25-Mar-21,3.255134657,0,-,491.11,
26-Mar-21,4.546915969,0,-,491.05,
27-Mar-21,3.766018201,0,-,490.82,
28-Mar-21,3.58216912,0,-,490.71,
29-Mar-21,2.535401533,0,-,490.65,
30-Mar-21,1.960540144,0,-,490.61,
31-Mar-21,2.636950094,0,-,490.59,
01-Apr-21,1.443557289,0,-,490.56,
02-Apr-21,3.07445789,0,-,490.58,
03-Apr-21,2.237729367,0,-,490.95,
04-Apr-21,2.849943056,0,-,491,
05-Apr-21,2.646924,0,-,490.87,
06-Apr-21,2.40921275,0,-,490.94,
07-Apr-21,2.520308293,0,-,490.85,
08-Apr-21,0.500091433,0,-,490.75,
09-Apr-21,2.60517715,0,-,490.71,
10-Apr-21,2.438761888,0,-,490.64,
11-Apr-21,2.414369325,0,-,490.56,
12-Apr-21,2.512323204,0,-,490.52,
13-Apr-21,2.900423933,0,-,490.5,
14-Apr-21,3.07225,0,-,490.45,
15-Apr-21,1.49997685,0,-,490.47,
16-Apr-21,2.903931317,0,-,490.49,
17-Apr-21,3.432423539,0,-,490.51,
18-Apr-21,3.512546056,0,-,490.74,
19-Apr-21,7.286618111,0,-,491.01,
20-Apr-21,6.46845355,0,-,490.92,
21-Apr-21,3.54387154,0,-,490.76,
22-Apr-21,1.96092416,0,-,490.67,
23-Apr-21,2.995838522,0,-,490.62,
24-Apr-21,2.12936544,0,-,490.6,
25-Apr-21,2.88344872,0,-,490.58,
26-Apr-21,4.09200751,0,-,490.54,
27-Apr-21,5.39013465,0,-,490.85,
28-Apr-21,4.336348657,0,-,490.86,
29-Apr-21,3.268321496,0,-,490.73,
30-Apr-21,4.222046607,0,-,490.62,
01-May-21,5.057321514,0,-,490.56,
02-May-21,5.514836444,0,-,490.5,
03-May-21,4.619651875,0,-,490.47,
04-May-21,6.34477075,0,-,490.45,
05-May-21,5.789214091,0,-,490.62,
06-May-21,3.1660455,0,-,490.66,
07-May-21,6.034847594,0,-,490.6,
08-May-21,5.575488413,0,-,490.55,
09-May-21,5.268172113,0,-,490.51,
10-May-21,5.159223313,0,-,490.54,
11-May-21,3.984480056,0,-,490.58,
12-May-21,4.156510922,0,-,490.54,
13-May-21,2.430551456,0,-,490.5,
14-May-21,3.95796525,0,-,490.48,
15-May-21,6.663558656,0,-,490.5,
16-May-21,7.056096167,0,-,491.02,
17-May-21,6.924762663,0,-,491.2,
18-May-21,7.417094833,0,-,491.21,
19-May-21,8.931606889,0,-,491.19,
20-May-21,8.216831078,0,-,491.15,
21-May-21,9.845024825,0,-,491.17,
22-May-21,11.58071136,0,-,491.15,
23-May-21,11.62526637,0,-,491.2,
24-May-21,11.27951326,0,-,491.18,
25-May-21,9.089609333,0,-,491.19,
26-May-21,9.694815478,0,-,491.27,
27-May-21,4.768849675,0,-,491.32,
28-May-21,8.135678875,0,-,491.31,
29-May-21,11.0942865,0,-,491.31,
30-May-21,7.249145538,0,-,491.29,
31-May-21,10.06573594,0,-,491.24,
01-Jun-21,10.11642352,0,-,491.17,
02-Jun-21,10.78015778,0,-,491,
03-Jun-21,14.55987022,0,-,491.15,
04-Jun-21,17.93885075,0,-,491.13,
05-Jun-21,16.14899435,0,-,491.27,
06-Jun-21,14.65778667,0,-,491.42,
07-Jun-21,13.12992202,0,-,491.4,
08-Jun-21,13.33516366,0,-,491.33,
09-Jun-21,12.36339362,0,-,491.27,
10-Jun-21,9.708263689,0,-,491.28,
11-Jun-21,11.62461507,0,-,491.33,
12-Jun-21,9.064601413,0,-,491.36,
13-Jun-21,9.823803556,0,-,491.36,
14-Jun-21,9.506429522,0,-,491.36,
15-Jun-21,9.988302333,0,-,491.37,
16-Jun-21,8.444940778,0,-,491.36,
17-Jun-21,8.423682133,0,-,491.32,
18-Jun-21,6.724318625,0,-,491.3,
19-Jun-21,6.090985025,0,-,491.27,
20-Jun-21,8.651554911,0,-,491.29,
21-Jun-21,7.838003833,0,-,491.27,
22-Jun-21,7.098497222,0,-,491.27,
23-Jun-21,8.850212233,0,-,491.17,
24-Jun-21,6.837865967,0,-,491.2,
25-Jun-21,6.593310167,0,-,491.18,
26-Jun-21,3.614713875,0,-,491.03,
27-Jun-21,5.99342711,0,-,490.95,
28-Jun-21,5.35656804,0,-,490.89,
29-Jun-21,4.98389987,0,-,491.09,
30-Jun-21,5.21909205,0,-,491.12,
01-Jul-21,3.8734355,0,-,490.88,
02-Jul-21,4.390585978,0,-,491.12,
03-Jul-21,3.986973133,0,-,491.17,
04-Jul-21,3.86798858,0,-,491.29,
05-Jul-21,5.071755333,0,-,491.35,
06-Jul-21,5.202844189,0,-,491.35,
07-Jul-21,4.881708104,0,-,491.33,
08-Jul-21,3.162667678,0,-,491.35,
09-Jul-21,3.663994025,0,-,491.35,
10-Jul-21,2.964481178,0,-,491.34,
11-Jul-21,3.609381722,0,-,491.33,
12-Jul-21,3.523571833,0,-,491.32,
13-Jul-21,3.464250156,0,-,491.32,
14-Jul-21,3.644909856,0,-,491.31,
15-Jul-21,2.247392811,0,-,491.34,
16-Jul-21,3.485524759,0,-,491.35,
17-Jul-21,4.541946489,0,-,491.33,
18-Jul-21,4.19228816,0,-,491.37,
19-Jul-21,3.444520794,0,-,491.35,
20-Jul-21,3.071680886,0,-,491.33,
21-Jul-21,3.066545235,0,-,491.33,
22-Jul-21,2.760311106,0,-,491.33,
23-Jul-21,5.853400939,0,-,491.33,
24-Jul-21,6.645073378,0,-,491.32,
25-Jul-21,6.9089047,0,-,491.32,
26-Jul-21,7.1979806,0,-,491.33,
27-Jul-21,12.6579782,0,-,491.33,
28-Jul-21,8.84754856,0,-,491.28,
29-Jul-21,4.79783515,0,-,491.32,
30-Jul-21,9.143274633,0,-,491.38,
31-Jul-21,3.259080111,0,-,491.39,
01-Aug-21,10.19118664,0,-,491.32,
02-Aug-21,7.3965164,0,-,491.31,
03-Aug-21,6.38610803,0,-,491.31,
04-Aug-21,5.72427073,0,-,491.3,
05-Aug-21,3.48161937,0,-,491.25,
06-Aug-21,3.400556733,0,-,491.24,
07-Aug-21,3.026137383,0,-,491.26,
08-Aug-21,3.89979198,0,-,491.29,
09-Aug-21,4.21355483,0,-,491.26,
10-Aug-21,4.74500137,0,-,491.25,
11-Aug-21,4.55804964,0,-,491.25,
12-Aug-21,2.987802495,0,-,491.25,
13-Aug-21,3.578870311,0,-,491.27,
14-Aug-21,3.546208867,0,-,491.26,
15-Aug-21,1.915625,0,-,491.24,
16-Aug-21,263.810353,0,-,491.19,
17-Aug-21,305.7131201,0,-,491.2,
18-Aug-21,143.0295658,0,-,491.2,
19-Aug-21,5.10915269,0,-,491.11,
20-Aug-21,8.662233267,0,-,490.93,
21-Aug-21,11.97232763,0,-,490.82,
22-Aug-21,7.917750744,0,-,491.05,
23-Aug-21,7.471943922,0,-,491.3,
24-Aug-21,7.232280222,0,-,491.38,
25-Aug-21,5.639164129,0,-,491.35,
26-Aug-21,390.3490185,0,-,491.35,
27-Aug-21,6.524672988,0,-,491.33,
28-Aug-21,8.63617075,0,-,491.35,
29-Aug-21,8.202195222,0,-,491.36,
30-Aug-21,8.156926367,0,-,491.39,
31-Aug-21,13.241237,0,-,491.38,
01-Sep-21,12.12437311,0,-,491.38,
02-Sep-21,4.94169425,0,-,491.36,
03-Sep-21,12.62690726,0,-,491.36,
04-Sep-21,26.50829702,0,-,491.37,
05-Sep-21,17.33395056,0,-,491.38,
06-Sep-21,23.19871904,0,-,491.38,
07-Sep-21,17.86978247,0,-,491.37,
08-Sep-21,20.62592717,0,-,491.37,
09-Sep-21,20.882886,0,-,491.38,
10-Sep-21,13.23126145,0,-,491.37,
11-Sep-21,21.88693388,0,-,491.35,
12-Sep-21,22.71351015,0,-,491.32,
13-Sep-21,19.81996138,0,-,491.33,
14-Sep-21,12.70257654,0,-,491.31,
15-Sep-21,19.95095241,0,-,491.3,
16-Sep-21,12.54518546,0,-,491.3,
17-Sep-21,10.08394249,0,-,491.3,
18-Sep-21,11.28084163,0,-,491.28,
19-Sep-21,11.32892192,0,-,491.22,
20-Sep-21,9.269801685,0,-,491.19,
21-Sep-21,6.158600736,0,-,491.26,
22-Sep-21,8.7951112,0,-,491.36,
23-Sep-21,5.01857358,0,-,491.35,
24-Sep-21,6.792233027,0,-,491.38,
25-Sep-21,13.00236738,0,-,491.42,
26-Sep-21,394.6293853,0,-,491.42,
27-Sep-21,16.4179397,0,-,491.37,
28-Sep-21,17.40375028,0,-,491.35,
29-Sep-21,24.86618398,0,-,491.33,
30-Sep-21,11.04806329,0,-,491.33,
01-Oct-21,18.99272632,0,-,491.34,
02-Oct-21,16.07855556,0,-,491.39,
03-Oct-21,14.14730102,0,-,491.39,
04-Oct-21,45.41448893,0,-,491.36,
05-Oct-21,401.5148402,0,-,491.36,
06-Oct-21,9.779272911,0,-,491.43,
07-Oct-21,378.7299216,0,-,491.52,
08-Oct-21,21.16301564,0,-,491.56,
09-Oct-21,458.9788891,0,-,491.52,
10-Oct-21,583.8234026,0,-,491.45,
11-Oct-21,718.2444812,0,-,491.49,
12-Oct-21,717.9845378,0,-,491.5,
13-Oct-21,680.2790368,0,-,491.55,
14-Oct-21,735.8353342,0,-,491.52,
15-Oct-21,23.8255586,0,-,491.56,
16-Oct-21,747.2960299,0,-,491.56,
17-Oct-21,629.9510814,0,-,491.58,
18-Oct-21,6.809586444,0,-,491.55,
19-Oct-21,397.0512262,0,-,491.54,
20-Oct-21,305.8564909,0,-,491.45,
21-Oct-21,295.3615176,0,-,491.56,
22-Oct-21,9.578632444,0,-,491.54,
23-Oct-21,330.2156097,0,-,491.49,
24-Oct-21,9.451652,0,-,491.46,
25-Oct-21,8.60598075,0,-,491.47,
26-Oct-21,9.5984881,0,-,491.48,
27-Oct-21,12.21050898,0,-,491.55,
28-Oct-21,13.21246652,0,-,491.55,
29-Oct-21,14.12733894,0,-,491.48,
30-Oct-21,15.09835764,0,-,491.44,
31-Oct-21,14.99874666,0,-,491.43,
01-Nov-21,10.71186754,0,-,491.41,
02-Nov-21,13.39450182,0,-,491.39,
03-Nov-21,12.1706368,0,-,491.42,
04-Nov-21,12.0872806,0,-,491.43,
05-Nov-21,15.84926787,0,-,491.46,
06-Nov-21,15.82072956,0,-,491.46,
07-Nov-21,14.54360038,0,-,491.42,
08-Nov-21,11.09656627,0,-,491.44,
09-Nov-21,9.21259247,0,-,491.49,
10-Nov-21,19.05795504,0,-,491.49,
11-Nov-21,12.58671995,0,-,491.5,
12-Nov-21,12.10376445,0,-,491.51,
13-Nov-21,13.69013241,0,-,491.48,
14-Nov-21,12.67383511,0,-,491.48,
15-Nov-21,11.46120437,0,-,491.46,
16-Nov-21,10.71435005,0,-,491.54,
17-Nov-21,10.97483015,0,-,491.53,
18-Nov-21,8.91175104,0,-,491.64,
19-Nov-21,14.22747907,0,-,492.76,
20-Nov-21,12.53976095,0,-,492.77,
21-Nov-21,10.5916968,0,-,492.27,
22-Nov-21,10.94404147,0,-,491.82,
23-Nov-21,9.60623524,0,-,491.6,
24-Nov-21,12.38751437,0,-,491.56,
25-Nov-21,10.1305102,0,-,491.63,
26-Nov-21,11.53767991,0,-,491.66,
27-Nov-21,13.49221256,0,-,491.63,
28-Nov-21,12.48760956,0,-,491.6,
29-Nov-21,10.70923154,0,-,491.58,
30-Nov-21,8.65879813,0,-,491.56,
01-Dec-21,9.13482227,0,-,491.5,
02-Dec-21,11.79525604,0,-,491.44,
03-Dec-21,13.16830168,0,-,491.48,
04-Dec-21,10.73116833,0,-,491.48,
05-Dec-21,9.7184165,0,-,491.46,
06-Dec-21,9.53576782,0,-,491.44,
07-Dec-21,9.4052753,0,-,491.46,
08-Dec-21,9.8886982,0,-,491.48,
09-Dec-21,7.15888174,0,-,491.46,
10-Dec-21,9.41993899,0,-,491.45,
11-Dec-21,7.470709078,0,-,491.45,
12-Dec-21,8.04562528,0,-,491.44,
13-Dec-21,6.361441667,0,-,491.43,
14-Dec-21,7.81329946,0,-,491.45,
15-Dec-21,8.66264799,0,-,491.44,
16-Dec-21,11.02237993,0,-,491.42,
17-Dec-21,7.82745622,0,-,491.44,
18-Dec-21,5.6147612,0,-,491.43,
19-Dec-21,5.73028655,0,-,491.4,
20-Dec-21,6.78318273,0,-,491.39,
21-Dec-21,7.3536299,0,-,491.39,
22-Dec-21,6.892601333,0,-,491.38,
23-Dec-21,5.70610822,0,-,491.38,
24-Dec-21,8.0087012,0,-,491.38,
25-Dec-21,4.127714286,0,-,491.38,
26-Dec-21,8.072098667,0,-,491.37,
27-Dec-21,6.33646898,0,-,491.35,
28-Dec-21,6.13925323,0,-,491.33,
29-Dec-21,6.4687047,0,-,491.33,
30-Dec-21,4.7405232,0,-,491.31,
31-Dec-21,6.31096219,0,-,491.32,0
01-Jan-22,5.8346708,0,-,491.33,
02-Jan-22,5.62787766,0,-,491.34,
03-Jan-22,5.59915998,0,-,491.34,
04-Jan-22,6.57385751,0,-,491.37,
05-Jan-22,6.554316,0,-,491.35,
06-Jan-22,5.7165318,0,-,491.34,
07-Jan-22,4.87263223,0,-,491.36,
08-Jan-22,6.217084933,0,-,491.35,
09-Jan-22,6.50143926,0,-,491.34,
10-Jan-22,6.56111959,0,-,491.33,
11-Jan-22,5.935100044,0,-,491.32,
12-Jan-22,5.34886847,0,-,491.31,
13-Jan-22,4.57321658,0,-,491.3,
15-Jan-22,4.252884856,0,-,491.32,
16-Jan-22,6.24685391,0,-,491.33,
17-Jan-22,6.24684762,0,-,491.33,
18-Jan-22,5.88833147,0,-,491.32,
19-Jan-22,5.2983023,0,-,491.31,
20-Jan-22,5.1652089,0,-,491.32,
21-Jan-22,4.12812283,0,-,491.31,
22-Jan-22,4.649194233,0,-,491.3,
23-Jan-22,5.36265074,0,-,491.3,
24-Jan-22,5.24448125,0,-,491.3,
25-Jan-22,4.996237456,0,-,491.31,
26-Jan-22,2.603875,0,-,491.31,
27-Jan-22,3.549619444,0,-,491.3,
28-Jan-22,3.854978922,0,-,491.31,
29-Jan-22,4.903428363,0,-,491.31,
30-Jan-22,5.0206872,0,-,491.3,
31-Jan-22,6.391398944,0,-,491.31,
01-Feb-22,4.9339132,0,-,491.3,
02-Feb-22,4.931418344,0,-,491.31,
03-Feb-22,3.296443489,0,-,491.31,
04-Feb-22,2.707081933,0,-,491.3,
05-Feb-22,2.94586705,0,-,491.31,
06-Feb-22,3.071363811,0,-,491.3,
07-Feb-22,4.080854844,0,-,491.31,
08-Feb-22,3.953177822,0,-,491.24,
09-Feb-22,3.614934111,0,-,491.18,
10-Feb-22,2.941173867,0,-,491.14,
11-Feb-22,3.300616956,0,-,491.11,
12-Feb-22,5.264805213,0,-,491.15,
13-Feb-22,4.245370156,0,-,491.14,
14-Feb-22,3.616580986,0,-,491.11,
15-Feb-22,3.552960865,0,-,491.03,
16-Feb-22,3.597561044,0,-,490.96,
17-Feb-22,1.88858527,0,-,491.04,
18-Feb-22,1.89510256,0,-,491.07,
19-Feb-22,2.413979578,0,-,491.06,
20-Feb-22,3.25642241,0,-,491.03,
21-Feb-22,3.31224653,0,-,490.98,
22-Feb-22,3.519449163,0,-,490.96,
23-Feb-22,3.054689333,0,-,490.92,
24-Feb-22,2.204827875,0,-,490.88,
25-Feb-22,1.11860543,0,-,490.88,
26-Feb-22,1.910603444,0,-,490.92,
27-Feb-22,2.09204656,0,-,490.92,
28-Feb-22,2.458200167,0,-,490.92,
01-Mar-22,1.955257056,0,-,490.91,
02-Mar-22,1.640714645,0,-,490.9,
03-Mar-22,2.25590255,0,-,490.86,
04-Mar-22,1.559200905,0,-,490.8,
05-Mar-22,2.315628033,0,-,490.76,
06-Mar-22,2.318793246,0,-,490.71,
07-Mar-22,2.694044,0,-,490.7,
08-Mar-22,2.72205013,0,-,490.66,
09-Mar-22,3.06392859,0,-,490.65,
10-Mar-22,2.395701933,0,-,490.61,
11-Mar-22,1.47471371,0,-,490.6,
12-Mar-22,1.846272333,0,-,490.6,
13-Mar-22,2.308510948,0,-,490.59,
14-Mar-22,2.35402643,0,-,490.57,
15-Mar-22,2.371468267,0,-,490.56,
16-Mar-22,2.49679324,0,-,490.6,
17-Mar-22,2.86045995,0,-,490.95,
18-Mar-22,1.5293019,0,-,491.12,
19-Mar-22,2.775260622,0,-,491.11,
20-Mar-22,2.85572229,0,-,491.13,
21-Mar-22,3.06419856,0,-,491.15,
22-Mar-22,3.435420829,0,-,491.15,
23-Mar-22,3.680674397,0,-,491.15,
24-Mar-22,3.66017144,0,-,491.11,
25-Mar-22,3.200245768,0,-,491.15,
26-Mar-22,4.500769428,0,-,490.98,
27-Mar-22,3.724109159,0,-,490.93,
28-Mar-22,3.548983022,0,-,490.82,
29-Mar-22,2.492660644,0,-,490.76,
30-Mar-22,1.924076333,0,-,490.7,
31-Mar-22,2.595771722,0,-,490.65,
01-Apr-22,1.4076684,0,-,490.9,
02-Apr-22,3.02808725,0,-,490.9,
03-Apr-22,2.117194033,0,-,491,
04-Apr-22,2.730296111,0,-,491.1,
05-Apr-22,2.542701778,0,-,491.15,
06-Apr-22,2.29196275,0,-,491.14,
07-Apr-22,2.483738778,0,-,491.07,
08-Apr-22,0.467869211,0,-,490.98,
09-Apr-22,2.425028,0,-,490.83,
10-Apr-22,2.384158475,0,-,490.75,
11-Apr-22,2.380361775,0,-,490.7,
12-Apr-22,2.4996358,0,-,490.64,
13-Apr-22,2.886312822,0,-,490.6,
14-Apr-22,3.056375,0,-,490.57,
15-Apr-22,1.49017685,0,-,490.55,
16-Apr-22,2.889998787,0,-,490.65,
17-Apr-22,3.419598738,0,-,490.98,
18-Apr-22,3.512546056,0,-,491.11,
19-Apr-22,7.286618111,0,-,491.18,
20-Apr-22,6.46845355,0,-,491.23,
21-Apr-22,3.54387154,0,-,491.3,
22-Apr-22,1.96092416,0,-,491.32,
23-Apr-22,2.995838522,0,-,491.29,
24-Apr-22,2.12936544,0,-,491.28,
25-Apr-22,2.88344872,0,-,491.23,
26-Apr-22,4.09200751,0,-,491.2,
27-Apr-22,5.02895975,0,-,491.18,
28-Apr-22,4.098093107,0,-,491.15,
29-Apr-22,3.033432607,0,-,491.11,
30-Apr-22,3.139265718,0,-,491.09,
01-May-22,3.846045292,0,-,491.16,
02-May-22,3.148330889,0,-,491.2,
03-May-22,3.041875,0,-,491.22,
04-May-22,4.656625,0,-,491.22,
05-May-22,3.543923841,0,-,491.19,
06-May-22,1.1060455,0,-,491.17,
07-May-22,3.776656969,0,-,491.25,
08-May-22,4.890918913,0,-,491.36,
09-May-22,4.551699425,0,-,491.42,
10-May-22,4.351875,0,-,491.43,
11-May-22,3.268098978,0,-,491.43,
12-May-22,3.6866411,0,-,491.37,
13-May-22,1.705662567,0,-,491.35,
19-May-22,7.299573,0,-,491.55,0
